new ID,formula,bandgap,n,orientation,A'_MPI,A'_AW,A'_V,A'_R,A'_Rb,A'_ρ,A'_SA,A'_EN,A'_SE,A'_BT,A'_VIP,A'_VEA,A'_ME,A'_CP,A'_Ha,A'_So,A'_EI,A'_NI,A'_DMD,A'_DM,A_MPI,A_AW,A_V,A_R,A_Rb,A_ρ,A_SA,A_EN,A_SE,A_BT,A_VIP,A_VEA,A_ME,A_CP,A_Ha,A_So,A_EI,A_NI,A_DMD,A_DM,B_W,B_E(m&b,B_E(p),B_E(a&R) ,B_E,B_EI1,B_EI2,B_EI3,B_CPM,B_VEN,B_Tm,B_Tb,B_EV,B_EM,B_EA,B_R,B_RC,B_IR,X_W,X_E(m&b,X_E(p),X_E(a&R) ,X_E,X_EI1,X_EI2,X_EI3,X_Tm,X_Tb,X_EV,X_EM,X_EA,X_R,X_RC,X_IR
67,[BrC6H4(CH2)2NH3]2SnI4,2.09,1,1,3.89514948,201.08347,198.41065,3.618204983,6.839706962,1.6829,190.24341,11.53482446,12.6294902,-34.31269308,11.9334,3.4372,7.6853,-7.6853,8.4962,0.1177,3.4759,-1.5023,8.265385,3.251528324,0,0,0,0,0,0,0,0,0,0,0,0,0,0,0,0,0,0,0,0,118.71,1.88,1.8,1.72,4.3,708.6,1412,2943,4.15,4,505,2543,296.2,7.07,302.1,0.65,140,1.03,126.905,2.76,2.5,2.21,6.76,1008.4,1846,3184,387,457.5,41.67,15.52,106.8,0.46,133,0.65
106,[CH3(CH2)3CH(C2H5)CH2NH3]2PbI4,2.38,1,1,3.78624568,116.22479,191.61435,3.576411787,6.760702811,1.0072,194.36502,11.85136427,13.05274019,-33.90609547,12.9339,3.61,8.2719,-8.2719,9.3239,0.1073,3.6693,-2.5033,12.973904,5.103817467,0,0,0,0,0,0,0,0,0,0,0,0,0,0,0,0,0,0,0,0,207.2,1.92,1.9,1.55,3.9,715.5,1450,3081,4.1,4,601,2013,177.8,4.81,195,0.83,154,0.938,126.905,2.76,2.5,2.21,6.76,1008.4,1846,3184,387,457.5,41.67,15.52,106.8,0.46,133,0.65
78,[C5H4NCH2NH3][CH3NH3]Pb2I7,1.88,2,1,4.2832604,109.14929,145.52901,3.263032247,6.168302925,1.2454,153.12462,8.513372564,9.22646685,-38.19376933,-5.7,-12.6391,-9.1695,9.1695,6.9392,0.1441,6.0584,-1.7667,10.110139,3.977238002,6.11512817,32.06508,53.69619,2.340377951,4.424154917,0.9916,73.1777,0.37686461,4.395856533,-48.64517109,-4.0225,-19.0482,-11.5354,11.5354,15.0258,0.0666,4.4279,-8.0638,2.1661,0.852124312,207.2,1.92,1.9,1.55,3.9,715.5,1450,3081,4.1,4,601,2013,177.8,4.81,195,0.83,154,0.938,126.905,2.76,2.5,2.21,6.76,1008.4,1846,3184,387,457.5,41.67,15.52,106.8,0.46,133,0.65
76,[C5H4NCH2NH3][CH3NH3]2Pb3I10,1.73,3,1,4.2832604,109.14929,145.52901,3.263032247,6.168302925,1.2454,153.12462,8.513372564,9.22646685,-38.19376933,-5.7,-12.6391,-9.1695,9.1695,6.9392,0.1441,6.0584,-1.7667,10.110139,3.977238002,6.11512817,32.06508,53.69619,2.340377951,4.424154917,0.9916,73.1777,0.37686461,4.395856533,-48.64517109,-4.0225,-19.0482,-11.5354,11.5354,15.0258,0.0666,4.4279,-8.0638,2.1661,0.852124312,207.2,1.92,1.9,1.55,3.9,715.5,1450,3081,4.1,4,601,2013,177.8,4.81,195,0.83,154,0.938,126.905,2.76,2.5,2.21,6.76,1008.4,1846,3184,387,457.5,41.67,15.52,106.8,0.46,133,0.65
77,[C5H4NCH2NH3][CH3NH3]3Pb4I13,1.66,4,1,4.2832604,109.14929,145.52901,3.263032247,6.168302925,1.2454,153.12462,8.513372564,9.22646685,-38.19376933,-5.7,-12.6391,-9.1695,9.1695,6.9392,0.1441,6.0584,-1.7667,10.110139,3.977238002,6.11512817,32.06508,53.69619,2.340377951,4.424154917,0.9916,73.1777,0.37686461,4.395856533,-48.64517109,-4.0225,-19.0482,-11.5354,11.5354,15.0258,0.0666,4.4279,-8.0638,2.1661,0.852124312,207.2,1.92,1.9,1.55,3.9,715.5,1450,3081,4.1,4,601,2013,177.8,4.81,195,0.83,154,0.938,126.905,2.76,2.5,2.21,6.76,1008.4,1846,3184,387,457.5,41.67,15.52,106.8,0.46,133,0.65
74,[C5H4N(CH2)NH3]PbBr4,2.79,1,1,4.2832604,109.14929,145.52901,3.263032247,6.168302925,1.2454,153.12462,8.513372564,9.22646685,-38.19376933,-5.7,-12.6391,-9.1695,9.1695,6.9392,0.1441,6.0584,-1.7667,10.110139,3.977238002,0,0,0,0,0,0,0,0,0,0,0,0,0,0,0,0,0,0,0,0,207.2,1.92,1.9,1.55,3.9,715.5,1450,3081,4.1,4,601,2013,177.8,4.81,195,0.83,154,0.938,79.904,2.83,2.8,2.74,7.59,1139.9,2103,3473,266,331.9,30.5,10.57,111.9,0.37,114,0.4
75,[C5H4N(CH2)NH3]PbI4,2.06,1,1,4.2832604,109.14929,145.52901,3.263032247,6.168302925,1.2454,153.12462,8.513372564,9.22646685,-38.19376933,-5.7,-12.6391,-9.1695,9.1695,6.9392,0.1441,6.0584,-1.7667,10.110139,3.977238002,0,0,0,0,0,0,0,0,0,0,0,0,0,0,0,0,0,0,0,0,207.2,1.92,1.9,1.55,3.9,715.5,1450,3081,4.1,4,601,2013,177.8,4.81,195,0.83,154,0.938,126.905,2.76,2.5,2.21,6.76,1008.4,1846,3184,387,457.5,41.67,15.52,106.8,0.46,133,0.65
173,[NH3C6H4(CH2)2NH3]PbBr4,3.24,1,1,7.46341421,138.21046,185.4055,3.537358246,6.686877591,1.2378,189.60423,11.48542944,12.564665,-34.37614134,16.0625,6.7361,11.3993,-11.3993,9.3263,0.1072,6.9665,-5.1506,6.471802,2.545948859,0,0,0,0,0,0,0,0,0,0,0,0,0,0,0,0,0,0,0,0,207.2,1.92,1.9,1.55,3.9,715.5,1450,3081,4.1,4,601,2013,177.8,4.81,195,0.83,154,0.938,79.904,2.83,2.8,2.74,7.59,1139.9,2103,3473,266,331.9,30.5,10.57,111.9,0.37,114,0.4
159,[FC6H4(CH2)2NH3]2SnI4,1.97,1,1,3.8545905,140.17834,178.4067,3.492276012,6.601655977,1.3047,181.92451,10.88531098,11.8028508,-35.14699773,11.8512,3.8446,7.8479,-7.8479,8.0066,0.1249,3.8461,-0.886,16.391761,6.448371755,0,0,0,0,0,0,0,0,0,0,0,0,0,0,0,0,0,0,0,0,118.71,1.88,1.8,1.72,4.3,708.6,1412,2943,4.15,4,505,2543,296.2,7.07,302.1,0.65,140,1.03,126.905,2.76,2.5,2.21,6.76,1008.4,1846,3184,387,457.5,41.67,15.52,106.8,0.46,133,0.65
65,[(CH3)3N(CH2)2NH3]SnI4,1.85,1,1,8.37751358,104.19414,156.46913,3.342830813,6.319150876,1.1058,159.72559,9.075491624,9.777852515,-37.47172344,20.5801,9.1359,14.858,-14.858,11.4442,0.0874,9.6451,-9.9617,7.115587,2.799208104,0,0,0,0,0,0,0,0,0,0,0,0,0,0,0,0,0,0,0,0,118.71,1.88,1.8,1.72,4.3,708.6,1412,2943,4.15,4,505,2543,296.2,7.07,302.1,0.65,140,1.03,126.905,2.76,2.5,2.21,6.76,1008.4,1846,3184,387,457.5,41.67,15.52,106.8,0.46,133,0.65
68,[BrC6H5CH2NH3]2PbI4,2.28,1,1,3.90361793,187.05685,180.07482,3.503126637,6.622167556,1.7249,182.0586,10.8958967,11.81588213,-35.13340029,-5.6318,-12.1294,-8.8806,8.8806,6.4976,0.1539,6.0687,-1.1479,16.513101,6.496105822,0,0,0,0,0,0,0,0,0,0,0,0,0,0,0,0,0,0,0,0,207.2,1.92,1.9,1.55,3.9,715.5,1450,3081,4.1,4,601,2013,177.8,4.81,195,0.83,154,0.938,126.905,2.76,2.5,2.21,6.76,1008.4,1846,3184,387,457.5,41.67,15.52,106.8,0.46,133,0.65
153,[ClC6H5CH2NH3]2PbI4,2.33,1,1,3.97479634,142.60626,172.52468,3.453466527,6.528292112,1.3726,176.05717,10.4182323,11.24204394,-35.74696358,-5.6297,-12.339,-8.9844,8.9844,6.7093,0.149,6.0155,-1.405,13.547333,5.329399292,0,0,0,0,0,0,0,0,0,0,0,0,0,0,0,0,0,0,0,0,207.2,1.92,1.9,1.55,3.9,715.5,1450,3081,4.1,4,601,2013,177.8,4.81,195,0.83,154,0.938,126.905,2.76,2.5,2.21,6.76,1008.4,1846,3184,387,457.5,41.67,15.52,106.8,0.46,133,0.65
160,[FC6H4(CH2)2NH3]2SnI4,1.93,1,1,3.86714319,140.17834,179.3911,3.498687379,6.613775765,1.2976,183.49663,11.00917765,11.95623853,-34.98789011,-3.777,-11.8291,-7.8031,7.8031,8.0521,0.1242,3.7808,-0.885,16.599525,6.530104249,0,0,0,0,0,0,0,0,0,0,0,0,0,0,0,0,0,0,0,0,118.71,1.88,1.8,1.72,4.3,708.6,1412,2943,4.15,4,505,2543,296.2,7.07,302.1,0.65,140,1.03,126.905,2.76,2.5,2.21,6.76,1008.4,1846,3184,387,457.5,41.67,15.52,106.8,0.46,133,0.65
161,[FC6H5CH2NH3]2PbI4,2.33,1,1,4.15415564,126.15172,156.33344,3.341864233,6.317323692,1.34,162.58175,9.315107894,10.02364239,-37.16393465,12.7534,3.8456,8.2995,-8.2995,8.9078,0.1123,3.8664,-1.7867,11.961581,4.705578678,0,0,0,0,0,0,0,0,0,0,0,0,0,0,0,0,0,0,0,0,207.2,1.92,1.9,1.55,3.9,715.5,1450,3081,4.1,4,601,2013,177.8,4.81,195,0.83,154,0.938,126.905,2.76,2.5,2.21,6.76,1008.4,1846,3184,387,457.5,41.67,15.52,106.8,0.46,133,0.65
165,[IC6H5CH2NH3]2PbI4,2.29,1,1,3.80102746,234.05779,192.01866,3.578925453,6.765454542,2.0241,191.06352,11.59808016,12.71298474,-34.2314407,-5.6199,-11.6739,-8.6469,8.6469,6.054,0.1652,6.1752,-0.6298,18.442738,7.25520771,0,0,0,0,0,0,0,0,0,0,0,0,0,0,0,0,0,0,0,0,207.2,1.92,1.9,1.55,3.9,715.5,1450,3081,4.1,4,601,2013,177.8,4.81,195,0.83,154,0.938,126.905,2.76,2.5,2.21,6.76,1008.4,1846,3184,387,457.5,41.67,15.52,106.8,0.46,133,0.65
103,[CH2CHCH2NH3]2[CH3CH2NH3]2Pb3Br10,2.71,3,1,5.02224533,58.10244,92.92905,2.809885824,5.311693429,1.0382,109.96168,4.49173697,6.194527475,-43.35958857,-5.7594,-14.6444,-10.2019,10.2019,8.885,0.1125,5.857,-3.2754,5.184999,2.039732101,5.41010136,46.0917,77.09811,2.640296812,4.991109286,0.9927,95.43125,2.963739861,5.397679968,-45.32231162,-3.792,-17.0207,-10.4068,10.4068,13.228,0.0756,4.0936,-6.0148,3.791271,1.491452006,207.2,1.92,1.9,1.55,3.9,715.5,1450,3081,4.1,4,601,2013,177.8,4.81,195,0.83,154,0.938,79.904,2.83,2.8,2.74,7.59,1139.9,2103,3473,266,331.9,30.5,10.57,111.9,0.37,114,0.4
100,[C6H5NH3]2PbCl4,3.59,1,1,4.44579628,94.13464,128.0326,3.126643476,5.91047916,1.2209,137.15357,7.100980091,7.988642171,-40.0079974,-4.2329,-13.6284,-8.9306,8.9306,9.3956,0.1064,4.2444,-2.5126,6.993385,2.751134933,0,0,0,0,0,0,0,0,0,0,0,0,0,0,0,0,0,0,0,0,207.2,1.92,1.9,1.55,3.9,715.5,1450,3081,4.1,4,601,2013,177.8,4.81,195,0.83,154,0.938,35.453,2.98,3,2.83,8.3,1251.1,2297,3822,172,238.6,20.42,6.41,121.7,0.28,99,0.99
1, (BA)2(FA)n?1PbnI3n+1,1.82,1,1,4.48606856,74.14494,123.65149,3.090565546,5.842278916,0.9957,138.29808,7.204843469,8.072815835,-39.87458416,-3.7122,-14.6915,-9.2018,9.2018,10.9793,0.0911,3.8561,-3.7469,8.68089,3.414984264,5.77081042,45.06385,61.83331,2.453083545,4.637208969,1.2102,81.01372,1.327623465,4.718458495,-47.42391465,-4.7143,-16.8563,-10.7853,10.7853,12.142,0.0824,4.7901,-5.0419,0.208408,0.081985838,207.2,1.92,1.9,1.55,3.9,715.5,1450,3081,4.1,4,601,2013,177.8,4.81,195,0.83,154,0.938,126.905,2.76,2.5,2.21,6.76,1008.4,1846,3184,387,457.5,41.67,15.52,106.8,0.46,133,0.65
2,(BA)2(FA)2Pb3I10,1.51,3,1,4.48606856,74.14494,123.65149,3.090565546,5.842278916,0.9957,138.29808,7.204843469,8.072815835,-39.87458416,-3.7122,-14.6915,-9.2018,9.2018,10.9793,0.0911,3.8561,-3.7469,8.68089,3.414984264,5.77081042,45.06385,61.83331,2.453083545,4.637208969,1.2102,81.01372,1.327623465,4.718458495,-47.42391465,-4.7143,-16.8563,-10.7853,10.7853,12.142,0.0824,4.7901,-5.0419,0.208408,0.081985838,207.2,1.92,1.9,1.55,3.9,715.5,1450,3081,4.1,4,601,2013,177.8,4.81,195,0.83,154,0.938,126.905,2.76,2.5,2.21,6.76,1008.4,1846,3184,387,457.5,41.67,15.52,106.8,0.46,133,0.65
3,BA2FA2Pb3I11,1.51,3,2,4.48606856,74.14494,123.65149,3.090565546,5.842278916,0.9957,138.29808,7.204843469,8.072815835,-39.87458416,-3.7122,-14.6915,-9.2018,9.2018,10.9793,0.0911,3.8561,-3.7469,8.68089,3.414984264,5.77081042,45.06385,61.83331,2.453083545,4.637208969,1.2102,81.01372,1.327623465,4.718458495,-47.42391465,-4.7143,-16.8563,-10.7853,10.7853,12.142,0.0824,4.7901,-5.0419,0.208408,0.081985838,207.2,1.92,1.9,1.55,3.9,715.5,1450,3081,4.1,4,601,2013,177.8,4.81,195,0.83,154,0.938,126.905,2.76,2.5,2.21,6.76,1008.4,1846,3184,387,457.5,41.67,15.52,106.8,0.46,133,0.65
4,BA2MAn-1 Ge n I 3n+1,2.33,1,1,4.48606856,74.14494,123.65149,3.090565546,5.842278916,0.9957,138.29808,7.204843469,8.072815835,-39.87458416,-3.7122,-14.6915,-9.2018,9.2018,10.9793,0.0911,3.8561,-3.7469,8.68089,3.414984264,6.11512817,32.06508,53.69619,2.340377951,4.424154917,0.9916,73.1777,0.37686461,4.395856533,-48.64517109,-4.0225,-19.0482,-11.5354,11.5354,15.0258,0.0666,4.4279,-8.0638,2.1661,0.852124312,72.61,1.99,1.8,2.02,4.6,762.1,1537,3302,4.55,4,1211,3103,327.6,36.8,376.6,0.53,122,1,126.905,2.76,2.5,2.21,6.76,1008.4,1846,3184,387,457.5,41.67,15.52,106.8,0.46,133,0.65
5,BA2MAn-1 Ge n I 3n+1,2.45,2,1,4.48606856,74.14494,123.65149,3.090565546,5.842278916,0.9957,138.29808,7.204843469,8.072815835,-39.87458416,-3.7122,-14.6915,-9.2018,9.2018,10.9793,0.0911,3.8561,-3.7469,8.68089,3.414984264,6.11512817,32.06508,53.69619,2.340377951,4.424154917,0.9916,73.1777,0.37686461,4.395856533,-48.64517109,-4.0225,-19.0482,-11.5354,11.5354,15.0258,0.0666,4.4279,-8.0638,2.1661,0.852124312,72.61,1.99,1.8,2.02,4.6,762.1,1537,3302,4.55,4,1211,3103,327.6,36.8,376.6,0.53,122,1,126.905,2.76,2.5,2.21,6.76,1008.4,1846,3184,387,457.5,41.67,15.52,106.8,0.46,133,0.65
6,BA2MAn-1 Ge n I 3n+1,2.35,3,1,4.48606856,74.14494,123.65149,3.090565546,5.842278916,0.9957,138.29808,7.204843469,8.072815835,-39.87458416,-3.7122,-14.6915,-9.2018,9.2018,10.9793,0.0911,3.8561,-3.7469,8.68089,3.414984264,6.11512817,32.06508,53.69619,2.340377951,4.424154917,0.9916,73.1777,0.37686461,4.395856533,-48.64517109,-4.0225,-19.0482,-11.5354,11.5354,15.0258,0.0666,4.4279,-8.0638,2.1661,0.852124312,72.61,1.99,1.8,2.02,4.6,762.1,1537,3302,4.55,4,1211,3103,327.6,36.8,376.6,0.53,122,1,126.905,2.76,2.5,2.21,6.76,1008.4,1846,3184,387,457.5,41.67,15.52,106.8,0.46,133,0.65
7,BA2MAn-1 Ge n I 3n+1,2.3,4,1,4.48606856,74.14494,123.65149,3.090565546,5.842278916,0.9957,138.29808,7.204843469,8.072815835,-39.87458416,-3.7122,-14.6915,-9.2018,9.2018,10.9793,0.0911,3.8561,-3.7469,8.68089,3.414984264,6.11512817,32.06508,53.69619,2.340377951,4.424154917,0.9916,73.1777,0.37686461,4.395856533,-48.64517109,-4.0225,-19.0482,-11.5354,11.5354,15.0258,0.0666,4.4279,-8.0638,2.1661,0.852124312,72.61,1.99,1.8,2.02,4.6,762.1,1537,3302,4.55,4,1211,3103,327.6,36.8,376.6,0.53,122,1,126.905,2.76,2.5,2.21,6.76,1008.4,1846,3184,387,457.5,41.67,15.52,106.8,0.46,133,0.65
8, (BA)2(MA)Pb2Br7 ,2.45,2,1,4.48606856,74.14494,123.65149,3.090565546,5.842278916,0.9957,138.29808,7.204843469,8.072815835,-39.87458416,-3.7122,-14.6915,-9.2018,9.2018,10.9793,0.0911,3.8561,-3.7469,8.68089,3.414984264,6.11512817,32.06508,53.69619,2.340377951,4.424154917,0.9916,73.1777,0.37686461,4.395856533,-48.64517109,-4.0225,-19.0482,-11.5354,11.5354,15.0258,0.0666,4.4279,-8.0638,2.1661,0.852124312,207.2,1.92,1.9,1.55,3.9,715.5,1450,3081,4.1,4,601,2013,177.8,4.81,195,0.83,154,0.938,79.904,2.83,2.8,2.74,7.59,1139.9,2103,3473,266,331.9,30.5,10.57,111.9,0.37,114,0.4
9,(BA)2(MA)n?1PbnI3n+1,2.215,1,1,4.48606856,74.14494,123.65149,3.090565546,5.842278916,0.9957,138.29808,7.204843469,8.072815835,-39.87458416,-3.7122,-14.6915,-9.2018,9.2018,10.9793,0.0911,3.8561,-3.7469,8.68089,3.414984264,6.11512817,32.06508,53.69619,2.340377951,4.424154917,0.9916,73.1777,0.37686461,4.395856533,-48.64517109,-4.0225,-19.0482,-11.5354,11.5354,15.0258,0.0666,4.4279,-8.0638,2.1661,0.852124312,207.2,1.92,1.9,1.55,3.9,715.5,1450,3081,4.1,4,601,2013,177.8,4.81,195,0.83,154,0.938,126.905,2.76,2.5,2.21,6.76,1008.4,1846,3184,387,457.5,41.67,15.52,106.8,0.46,133,0.65
10,(BA)2(MA)n?1PbnI3n+1,2.181111111,2,1,4.48606856,74.14494,123.65149,3.090565546,5.842278916,0.9957,138.29808,7.204843469,8.072815835,-39.87458416,-3.7122,-14.6915,-9.2018,9.2018,10.9793,0.0911,3.8561,-3.7469,8.68089,3.414984264,6.11512817,32.06508,53.69619,2.340377951,4.424154917,0.9916,73.1777,0.37686461,4.395856533,-48.64517109,-4.0225,-19.0482,-11.5354,11.5354,15.0258,0.0666,4.4279,-8.0638,2.1661,0.852124312,207.2,1.92,1.9,1.55,3.9,715.5,1450,3081,4.1,4,601,2013,177.8,4.81,195,0.83,154,0.938,126.905,2.76,2.5,2.21,6.76,1008.4,1846,3184,387,457.5,41.67,15.52,106.8,0.46,133,0.65
11,(BA)2(MA)n?1PbnI3n+1,1.81,3,1,4.48606856,74.14494,123.65149,3.090565546,5.842278916,0.9957,138.29808,7.204843469,8.072815835,-39.87458416,-3.7122,-14.6915,-9.2018,9.2018,10.9793,0.0911,3.8561,-3.7469,8.68089,3.414984264,6.11512817,32.06508,53.69619,2.340377951,4.424154917,0.9916,73.1777,0.37686461,4.395856533,-48.64517109,-4.0225,-19.0482,-11.5354,11.5354,15.0258,0.0666,4.4279,-8.0638,2.1661,0.852124312,207.2,1.92,1.9,1.55,3.9,715.5,1450,3081,4.1,4,601,2013,177.8,4.81,195,0.83,154,0.938,126.905,2.76,2.5,2.21,6.76,1008.4,1846,3184,387,457.5,41.67,15.52,106.8,0.46,133,0.65
12,(BA)2(MA)n?1PbnI3n+1,1.655714286,4,1,4.48606856,74.14494,123.65149,3.090565546,5.842278916,0.9957,138.29808,7.204843469,8.072815835,-39.87458416,-3.7122,-14.6915,-9.2018,9.2018,10.9793,0.0911,3.8561,-3.7469,8.68089,3.414984264,6.11512817,32.06508,53.69619,2.340377951,4.424154917,0.9916,73.1777,0.37686461,4.395856533,-48.64517109,-4.0225,-19.0482,-11.5354,11.5354,15.0258,0.0666,4.4279,-8.0638,2.1661,0.852124312,207.2,1.92,1.9,1.55,3.9,715.5,1450,3081,4.1,4,601,2013,177.8,4.81,195,0.83,154,0.938,126.905,2.76,2.5,2.21,6.76,1008.4,1846,3184,387,457.5,41.67,15.52,106.8,0.46,133,0.65
13,(BA)2(MA)n?1PbnI3n+1,1.83,5,1,4.48606856,74.14494,123.65149,3.090565546,5.842278916,0.9957,138.29808,7.204843469,8.072815835,-39.87458416,-3.7122,-14.6915,-9.2018,9.2018,10.9793,0.0911,3.8561,-3.7469,8.68089,3.414984264,6.11512817,32.06508,53.69619,2.340377951,4.424154917,0.9916,73.1777,0.37686461,4.395856533,-48.64517109,-4.0225,-19.0482,-11.5354,11.5354,15.0258,0.0666,4.4279,-8.0638,2.1661,0.852124312,207.2,1.92,1.9,1.55,3.9,715.5,1450,3081,4.1,4,601,2013,177.8,4.81,195,0.83,154,0.938,126.905,2.76,2.5,2.21,6.76,1008.4,1846,3184,387,457.5,41.67,15.52,106.8,0.46,133,0.65
14,(BA)2(MA)n?1PbnI3n+1,1.58,6,1,4.48606856,74.14494,123.65149,3.090565546,5.842278916,0.9957,138.29808,7.204843469,8.072815835,-39.87458416,-3.7122,-14.6915,-9.2018,9.2018,10.9793,0.0911,3.8561,-3.7469,8.68089,3.414984264,6.11512817,32.06508,53.69619,2.340377951,4.424154917,0.9916,73.1777,0.37686461,4.395856533,-48.64517109,-4.0225,-19.0482,-11.5354,11.5354,15.0258,0.0666,4.4279,-8.0638,2.1661,0.852124312,207.2,1.92,1.9,1.55,3.9,715.5,1450,3081,4.1,4,601,2013,177.8,4.81,195,0.83,154,0.938,126.905,2.76,2.5,2.21,6.76,1008.4,1846,3184,387,457.5,41.67,15.52,106.8,0.46,133,0.65
15,BA2MAn-1 Sn n I 3n+1,2.1,1,1,4.48606856,74.14494,123.65149,3.090565546,5.842278916,0.9957,138.29808,7.204843469,8.072815835,-39.87458416,-3.7122,-14.6915,-9.2018,9.2018,10.9793,0.0911,3.8561,-3.7469,8.68089,3.414984264,6.11512817,32.06508,53.69619,2.340377951,4.424154917,0.9916,73.1777,0.37686461,4.395856533,-48.64517109,-4.0225,-19.0482,-11.5354,11.5354,15.0258,0.0666,4.4279,-8.0638,2.1661,0.852124312,118.71,1.88,1.8,1.72,4.3,708.6,1412,2943,4.15,4,505,2543,296.2,7.07,302.1,0.65,140,1.03,126.905,2.76,2.5,2.21,6.76,1008.4,1846,3184,387,457.5,41.67,15.52,106.8,0.46,133,0.65
16,BA2MAn-1 Sn n I 3n+1,1.95,2,1,4.48606856,74.14494,123.65149,3.090565546,5.842278916,0.9957,138.29808,7.204843469,8.072815835,-39.87458416,-3.7122,-14.6915,-9.2018,9.2018,10.9793,0.0911,3.8561,-3.7469,8.68089,3.414984264,6.11512817,32.06508,53.69619,2.340377951,4.424154917,0.9916,73.1777,0.37686461,4.395856533,-48.64517109,-4.0225,-19.0482,-11.5354,11.5354,15.0258,0.0666,4.4279,-8.0638,2.1661,0.852124312,118.71,1.88,1.8,1.72,4.3,708.6,1412,2943,4.15,4,505,2543,296.2,7.07,302.1,0.65,140,1.03,126.905,2.76,2.5,2.21,6.76,1008.4,1846,3184,387,457.5,41.67,15.52,106.8,0.46,133,0.65
17,(BA)2(MA)2Sn3I10,1.6,3,1,4.48606856,74.14494,123.65149,3.090565546,5.842278916,0.9957,138.29808,7.204843469,8.072815835,-39.87458416,-3.7122,-14.6915,-9.2018,9.2018,10.9793,0.0911,3.8561,-3.7469,8.68089,3.414984264,6.11512817,32.06508,53.69619,2.340377951,4.424154917,0.9916,73.1777,0.37686461,4.395856533,-48.64517109,-4.0225,-19.0482,-11.5354,11.5354,15.0258,0.0666,4.4279,-8.0638,2.1661,0.852124312,118.71,1.88,1.8,1.72,4.3,708.6,1412,2943,4.15,4,505,2543,296.2,7.07,302.1,0.65,140,1.03,126.905,2.76,2.5,2.21,6.76,1008.4,1846,3184,387,457.5,41.67,15.52,106.8,0.46,133,0.65
18,(BA)2(MA)n?1SnnI3n+1,1.585,4,1,4.48606856,74.14494,123.65149,3.090565546,5.842278916,0.9957,138.29808,7.204843469,8.072815835,-39.87458416,-3.7122,-14.6915,-9.2018,9.2018,10.9793,0.0911,3.8561,-3.7469,8.68089,3.414984264,6.11512817,32.06508,53.69619,2.340377951,4.424154917,0.9916,73.1777,0.37686461,4.395856533,-48.64517109,-4.0225,-19.0482,-11.5354,11.5354,15.0258,0.0666,4.4279,-8.0638,2.1661,0.852124312,118.71,1.88,1.8,1.72,4.3,708.6,1412,2943,4.15,4,505,2543,296.2,7.07,302.1,0.65,140,1.03,126.905,2.76,2.5,2.21,6.76,1008.4,1846,3184,387,457.5,41.67,15.52,106.8,0.46,133,0.65
19,(BA)2(MA)3Sn4I13,1.42,4,1,4.48606856,74.14494,123.65149,3.090565546,5.842278916,0.9957,138.29808,7.204843469,8.072815835,-39.87458416,-3.7122,-14.6915,-9.2018,9.2018,10.9793,0.0911,3.8561,-3.7469,8.68089,3.414984264,6.11512817,32.06508,53.69619,2.340377951,4.424154917,0.9916,73.1777,0.37686461,4.395856533,-48.64517109,-4.0225,-19.0482,-11.5354,11.5354,15.0258,0.0666,4.4279,-8.0638,2.1661,0.852124312,118.71,1.88,1.8,1.72,4.3,708.6,1412,2943,4.15,4,505,2543,296.2,7.07,302.1,0.65,140,1.03,126.905,2.76,2.5,2.21,6.76,1008.4,1846,3184,387,457.5,41.67,15.52,106.8,0.46,133,0.65
20,(BA)2CuBr4,1.76,1,1,4.48606856,74.14494,123.65149,3.090565546,5.842278916,0.9957,138.29808,7.204843469,8.072815835,-39.87458416,-3.7122,-14.6915,-9.2018,9.2018,10.9793,0.0911,3.8561,-3.7469,8.68089,3.414984264,0,0,0,0,0,0,0,0,0,0,0,0,0,0,0,0,0,0,0,0,63.546,1.08,1.9,1.75,4.48,745.4,1958,3554,4.45,11,1356,2840,306.7,13,338.3,0.96,117,0.46,79.904,2.83,2.8,2.74,7.59,1139.9,2103,3473,266,331.9,30.5,10.57,111.9,0.37,114,0.4
21,(BA)2PbI4,2.24,1,1,4.48606856,74.14494,123.65149,3.090565546,5.842278916,0.9957,138.29808,7.204843469,8.072815835,-39.87458416,-3.7122,-14.6915,-9.2018,9.2018,10.9793,0.0911,3.8561,-3.7469,8.68089,3.414984264,0,0,0,0,0,0,0,0,0,0,0,0,0,0,0,0,0,0,0,0,207.2,1.92,1.9,1.55,3.9,715.5,1450,3081,4.1,4,601,2013,177.8,4.81,195,0.83,154,0.938,126.905,2.76,2.5,2.21,6.76,1008.4,1846,3184,387,457.5,41.67,15.52,106.8,0.46,133,0.65
109,[CH3(CH2)3NH3]2[CH(NH2)2]Pb2Br7,2.27,2,1,8.44212381,90.16752,135.80644,3.188685075,6.027760067,1.1025,151.60864,8.382575049,9.103120986,-38.36177965,-6.6805,-19.5037,-13.0921,13.0921,12.8233,0.078,6.6833,-8.6533,0.0001,3.93E-05,5.77081042,45.06385,61.83331,2.453083545,4.637208969,1.2102,81.01372,1.327623465,4.718458495,-47.42391465,-4.7143,-16.8563,-10.7853,10.7853,12.142,0.0824,4.7901,-5.0419,0.208408,0.081985838,207.2,1.92,1.9,1.55,3.9,715.5,1450,3081,4.1,4,601,2013,177.8,4.81,195,0.83,154,0.938,79.904,2.83,2.8,2.74,7.59,1139.9,2103,3473,266,331.9,30.5,10.57,111.9,0.37,114,0.4
128,[CH3(CH2)3NH3]2[HC(NH2)2]Pb2I7,2.12,2,1,8.44212381,90.16752,135.80644,3.188685075,6.027760067,1.1025,151.60864,8.382575049,9.103120986,-38.36177965,-6.6805,-19.5037,-13.0921,13.0921,12.8233,0.078,6.6833,-8.6533,0.0001,3.93E-05,5.77081042,45.06385,61.83331,2.453083545,4.637208969,1.2102,81.01372,1.327623465,4.718458495,-47.42391465,-4.7143,-16.8563,-10.7853,10.7853,12.142,0.0824,4.7901,-5.0419,0.208408,0.081985838,207.2,1.92,1.9,1.55,3.9,715.5,1450,3081,4.1,4,601,2013,177.8,4.81,195,0.83,154,0.938,126.905,2.76,2.5,2.21,6.76,1008.4,1846,3184,387,457.5,41.67,15.52,106.8,0.46,133,0.65
22,(BEA)FA2Sn3I10,1.34,3,1,8.44212381,90.16752,135.80644,3.188685075,6.027760067,1.1025,151.60864,8.382575049,9.103120986,-38.36177965,-6.6805,-19.5037,-13.0921,13.0921,12.8233,0.078,6.6833,-8.6533,0.0001,3.93E-05,5.77081042,45.06385,61.83331,2.453083545,4.637208969,1.2102,81.01372,1.327623465,4.718458495,-47.42391465,-4.7143,-16.8563,-10.7853,10.7853,12.142,0.0824,4.7901,-5.0419,0.208408,0.081985838,118.71,1.88,1.8,1.72,4.3,708.6,1412,2943,4.15,4,505,2543,296.2,7.07,302.1,0.65,140,1.03,126.905,2.76,2.5,2.21,6.76,1008.4,1846,3184,387,457.5,41.67,15.52,106.8,0.46,133,0.65
108,[CH3(CH2)3NH3]2(CH3NH3)Pb2Br7,2.55,2,1,8.44212381,90.16752,135.80644,3.188685075,6.027760067,1.1025,151.60864,8.382575049,9.103120986,-38.36177965,-6.6805,-19.5037,-13.0921,13.0921,12.8233,0.078,6.6833,-8.6533,0.0001,3.93E-05,6.11512817,32.06508,53.69619,2.340377951,4.424154917,0.9916,73.1777,0.37686461,4.395856533,-48.64517109,-4.0225,-19.0482,-11.5354,11.5354,15.0258,0.0666,4.4279,-8.0638,2.1661,0.852124312,207.2,1.92,1.9,1.55,3.9,715.5,1450,3081,4.1,4,601,2013,177.8,4.81,195,0.83,154,0.938,79.904,2.83,2.8,2.74,7.59,1139.9,2103,3473,266,331.9,30.5,10.57,111.9,0.37,114,0.4
110,[CH3(CH2)3NH3]2[CH3NH3]2Pb3Br10,2.4,3,1,8.44212381,90.16752,135.80644,3.188685075,6.027760067,1.1025,151.60864,8.382575049,9.103120986,-38.36177965,-6.6805,-19.5037,-13.0921,13.0921,12.8233,0.078,6.6833,-8.6533,0.0001,3.93E-05,6.11512817,32.06508,53.69619,2.340377951,4.424154917,0.9916,73.1777,0.37686461,4.395856533,-48.64517109,-4.0225,-19.0482,-11.5354,11.5354,15.0258,0.0666,4.4279,-8.0638,2.1661,0.852124312,207.2,1.92,1.9,1.55,3.9,715.5,1450,3081,4.1,4,601,2013,177.8,4.81,195,0.83,154,0.938,79.904,2.83,2.8,2.74,7.59,1139.9,2103,3473,266,331.9,30.5,10.57,111.9,0.37,114,0.4
126,[CH3(CH2)3NH3]2[CH3NH3]Pb2I7,2.03,2,1,8.44212381,90.16752,135.80644,3.188685075,6.027760067,1.1025,151.60864,8.382575049,9.103120986,-38.36177965,-6.6805,-19.5037,-13.0921,13.0921,12.8233,0.078,6.6833,-8.6533,0.0001,3.93E-05,6.11512817,32.06508,53.69619,2.340377951,4.424154917,0.9916,73.1777,0.37686461,4.395856533,-48.64517109,-4.0225,-19.0482,-11.5354,11.5354,15.0258,0.0666,4.4279,-8.0638,2.1661,0.852124312,207.2,1.92,1.9,1.55,3.9,715.5,1450,3081,4.1,4,601,2013,177.8,4.81,195,0.83,154,0.938,126.905,2.76,2.5,2.21,6.76,1008.4,1846,3184,387,457.5,41.67,15.52,106.8,0.46,133,0.65
113,[CH3(CH2)3NH3]2[CH3NH3]2Pb3I10,1.92,3,1,8.44212381,90.16752,135.80644,3.188685075,6.027760067,1.1025,151.60864,8.382575049,9.103120986,-38.36177965,-6.6805,-19.5037,-13.0921,13.0921,12.8233,0.078,6.6833,-8.6533,0.0001,3.93E-05,6.11512817,32.06508,53.69619,2.340377951,4.424154917,0.9916,73.1777,0.37686461,4.395856533,-48.64517109,-4.0225,-19.0482,-11.5354,11.5354,15.0258,0.0666,4.4279,-8.0638,2.1661,0.852124312,207.2,1.92,1.9,1.55,3.9,715.5,1450,3081,4.1,4,601,2013,177.8,4.81,195,0.83,154,0.938,126.905,2.76,2.5,2.21,6.76,1008.4,1846,3184,387,457.5,41.67,15.52,106.8,0.46,133,0.65
118,[CH3(CH2)3NH3]2[CH3NH3]3Pb4I13,1.9,4,1,8.44212381,90.16752,135.80644,3.188685075,6.027760067,1.1025,151.60864,8.382575049,9.103120986,-38.36177965,-6.6805,-19.5037,-13.0921,13.0921,12.8233,0.078,6.6833,-8.6533,0.0001,3.93E-05,6.11512817,32.06508,53.69619,2.340377951,4.424154917,0.9916,73.1777,0.37686461,4.395856533,-48.64517109,-4.0225,-19.0482,-11.5354,11.5354,15.0258,0.0666,4.4279,-8.0638,2.1661,0.852124312,207.2,1.92,1.9,1.55,3.9,715.5,1450,3081,4.1,4,601,2013,177.8,4.81,195,0.83,154,0.938,126.905,2.76,2.5,2.21,6.76,1008.4,1846,3184,387,457.5,41.67,15.52,106.8,0.46,133,0.65
119,[CH3(CH2)3NH3]2[CH3NH3]3Pb4I13,1.96,4,1,8.44212381,90.16752,135.80644,3.188685075,6.027760067,1.1025,151.60864,8.382575049,9.103120986,-38.36177965,-6.6805,-19.5037,-13.0921,13.0921,12.8233,0.078,6.6833,-8.6533,0.0001,3.93E-05,6.11512817,32.06508,53.69619,2.340377951,4.424154917,0.9916,73.1777,0.37686461,4.395856533,-48.64517109,-4.0225,-19.0482,-11.5354,11.5354,15.0258,0.0666,4.4279,-8.0638,2.1661,0.852124312,207.2,1.92,1.9,1.55,3.9,715.5,1450,3081,4.1,4,601,2013,177.8,4.81,195,0.83,154,0.938,126.905,2.76,2.5,2.21,6.76,1008.4,1846,3184,387,457.5,41.67,15.52,106.8,0.46,133,0.65
120,[CH3(CH2)3NH3]2[CH3NH3]4Pb5I16,1.6,5,1,8.44212381,90.16752,135.80644,3.188685075,6.027760067,1.1025,151.60864,8.382575049,9.103120986,-38.36177965,-6.6805,-19.5037,-13.0921,13.0921,12.8233,0.078,6.6833,-8.6533,0.0001,3.93E-05,6.11512817,32.06508,53.69619,2.340377951,4.424154917,0.9916,73.1777,0.37686461,4.395856533,-48.64517109,-4.0225,-19.0482,-11.5354,11.5354,15.0258,0.0666,4.4279,-8.0638,2.1661,0.852124312,207.2,1.92,1.9,1.55,3.9,715.5,1450,3081,4.1,4,601,2013,177.8,4.81,195,0.83,154,0.938,126.905,2.76,2.5,2.21,6.76,1008.4,1846,3184,387,457.5,41.67,15.52,106.8,0.46,133,0.65
122,[CH3(CH2)3NH3]2[CH3NH3]5Pb6I19,1.59,6,1,8.44212381,90.16752,135.80644,3.188685075,6.027760067,1.1025,151.60864,8.382575049,9.103120986,-38.36177965,-6.6805,-19.5037,-13.0921,13.0921,12.8233,0.078,6.6833,-8.6533,0.0001,3.93E-05,6.11512817,32.06508,53.69619,2.340377951,4.424154917,0.9916,73.1777,0.37686461,4.395856533,-48.64517109,-4.0225,-19.0482,-11.5354,11.5354,15.0258,0.0666,4.4279,-8.0638,2.1661,0.852124312,207.2,1.92,1.9,1.55,3.9,715.5,1450,3081,4.1,4,601,2013,177.8,4.81,195,0.83,154,0.938,126.905,2.76,2.5,2.21,6.76,1008.4,1846,3184,387,457.5,41.67,15.52,106.8,0.46,133,0.65
123,[CH3(CH2)3NH3]2[CH3NH3]6Pb7I22,1.57,7,1,8.44212381,90.16752,135.80644,3.188685075,6.027760067,1.1025,151.60864,8.382575049,9.103120986,-38.36177965,-6.6805,-19.5037,-13.0921,13.0921,12.8233,0.078,6.6833,-8.6533,0.0001,3.93E-05,6.11512817,32.06508,53.69619,2.340377951,4.424154917,0.9916,73.1777,0.37686461,4.395856533,-48.64517109,-4.0225,-19.0482,-11.5354,11.5354,15.0258,0.0666,4.4279,-8.0638,2.1661,0.852124312,207.2,1.92,1.9,1.55,3.9,715.5,1450,3081,4.1,4,601,2013,177.8,4.81,195,0.83,154,0.938,126.905,2.76,2.5,2.21,6.76,1008.4,1846,3184,387,457.5,41.67,15.52,106.8,0.46,133,0.65
115,[CH3(CH2)3NH3]2[CH3NH3]2Sn3Br10,2.31,3,1,8.44212381,90.16752,135.80644,3.188685075,6.027760067,1.1025,151.60864,8.382575049,9.103120986,-38.36177965,-6.6805,-19.5037,-13.0921,13.0921,12.8233,0.078,6.6833,-8.6533,0.0001,3.93E-05,6.11512817,32.06508,53.69619,2.340377951,4.424154917,0.9916,73.1777,0.37686461,4.395856533,-48.64517109,-4.0225,-19.0482,-11.5354,11.5354,15.0258,0.0666,4.4279,-8.0638,2.1661,0.852124312,118.71,1.88,1.8,1.72,4.3,708.6,1412,2943,4.15,4,505,2543,296.2,7.07,302.1,0.65,140,1.03,79.904,2.83,2.8,2.74,7.59,1139.9,2103,3473,266,331.9,30.5,10.57,111.9,0.37,114,0.4
55,(CH3(CH2)3NH3)2(CH3NH3)Sn2I7,1.65,2,1,8.44212381,90.16752,135.80644,3.188685075,6.027760067,1.1025,151.60864,8.382575049,9.103120986,-38.36177965,-6.6805,-19.5037,-13.0921,13.0921,12.8233,0.078,6.6833,-8.6533,0.0001,3.93E-05,6.11512817,32.06508,53.69619,2.340377951,4.424154917,0.9916,73.1777,0.37686461,4.395856533,-48.64517109,-4.0225,-19.0482,-11.5354,11.5354,15.0258,0.0666,4.4279,-8.0638,2.1661,0.852124312,118.71,1.88,1.8,1.72,4.3,708.6,1412,2943,4.15,4,505,2543,296.2,7.07,302.1,0.65,140,1.03,126.905,2.76,2.5,2.21,6.76,1008.4,1846,3184,387,457.5,41.67,15.52,106.8,0.46,133,0.65
132,[CH3(CH2)3NH3]2PbBr4,3.07,1,1,8.44212381,90.16752,135.80644,3.188685075,6.027760067,1.1025,151.60864,8.382575049,9.103120986,-38.36177965,-6.6805,-19.5037,-13.0921,13.0921,12.8233,0.078,6.6833,-8.6533,0.0001,3.93E-05,0,0,0,0,0,0,0,0,0,0,0,0,0,0,0,0,0,0,0,0,207.2,1.92,1.9,1.55,3.9,715.5,1450,3081,4.1,4,601,2013,177.8,4.81,195,0.83,154,0.938,79.904,2.83,2.8,2.74,7.59,1139.9,2103,3473,266,331.9,30.5,10.57,111.9,0.37,114,0.4
166,[NH2C4H7NH3]PbBr4,2.95,1,2,8.44212381,90.16752,135.80644,3.188685075,6.027760067,1.1025,151.60864,8.382575049,9.103120986,-38.36177965,-6.6805,-19.5037,-13.0921,13.0921,12.8233,0.078,6.6833,-8.6533,0.0001,3.93E-05,0,0,0,0,0,0,0,0,0,0,0,0,0,0,0,0,0,0,0,0,207.2,1.92,1.9,1.55,3.9,715.5,1450,3081,4.1,4,601,2013,177.8,4.81,195,0.83,154,0.938,79.904,2.83,2.8,2.74,7.59,1139.9,2103,3473,266,331.9,30.5,10.57,111.9,0.37,114,0.4
167,[NH2C4H7NH3]PbCl4,3.45,1,2,8.44212381,90.16752,135.80644,3.188685075,6.027760067,1.1025,151.60864,8.382575049,9.103120986,-38.36177965,-6.6805,-19.5037,-13.0921,13.0921,12.8233,0.078,6.6833,-8.6533,0.0001,3.93E-05,0,0,0,0,0,0,0,0,0,0,0,0,0,0,0,0,0,0,0,0,207.2,1.92,1.9,1.55,3.9,715.5,1450,3081,4.1,4,601,2013,177.8,4.81,195,0.83,154,0.938,35.453,2.98,3,2.83,8.3,1251.1,2297,3822,172,238.6,20.42,6.41,121.7,0.28,99,0.99
133,[CH3(CH2)3NH3]2PbI4,2.33,1,1,8.44212381,90.16752,135.80644,3.188685075,6.027760067,1.1025,151.60864,8.382575049,9.103120986,-38.36177965,-6.6805,-19.5037,-13.0921,13.0921,12.8233,0.078,6.6833,-8.6533,0.0001,3.93E-05,0,0,0,0,0,0,0,0,0,0,0,0,0,0,0,0,0,0,0,0,207.2,1.92,1.9,1.55,3.9,715.5,1450,3081,4.1,4,601,2013,177.8,4.81,195,0.83,154,0.938,126.905,2.76,2.5,2.21,6.76,1008.4,1846,3184,387,457.5,41.67,15.52,106.8,0.46,133,0.65
168,[NH2C4H7NH3]PbI4,2.26,1,2,8.44212381,90.16752,135.80644,3.188685075,6.027760067,1.1025,151.60864,8.382575049,9.103120986,-38.36177965,-6.6805,-19.5037,-13.0921,13.0921,12.8233,0.078,6.6833,-8.6533,0.0001,3.93E-05,0,0,0,0,0,0,0,0,0,0,0,0,0,0,0,0,0,0,0,0,207.2,1.92,1.9,1.55,3.9,715.5,1450,3081,4.1,4,601,2013,177.8,4.81,195,0.83,154,0.938,126.905,2.76,2.5,2.21,6.76,1008.4,1846,3184,387,457.5,41.67,15.52,106.8,0.46,133,0.65
134,[CH3(CH2)3NH3]2SnI4,1.92,1,1,8.44212381,90.16752,135.80644,3.188685075,6.027760067,1.1025,151.60864,8.382575049,9.103120986,-38.36177965,-6.6805,-19.5037,-13.0921,13.0921,12.8233,0.078,6.6833,-8.6533,0.0001,3.93E-05,0,0,0,0,0,0,0,0,0,0,0,0,0,0,0,0,0,0,0,0,118.71,1.88,1.8,1.72,4.3,708.6,1412,2943,4.15,4,505,2543,296.2,7.07,302.1,0.65,140,1.03,126.905,2.76,2.5,2.21,6.76,1008.4,1846,3184,387,457.5,41.67,15.52,106.8,0.46,133,0.65
101,[C7H7N2]2PbBr4,2.6,1,1,4.25835914,119.14414,143.8359,3.250328624,6.144288514,1.3755,150.39648,8.277519675,9.005378019,-38.49672402,13.3011,4.5373,8.9192,-8.9192,8.7638,0.1141,4.5387,-2.191,4.8171,1.895003934,0,0,0,0,0,0,0,0,0,0,0,0,0,0,0,0,0,0,0,0,207.2,1.92,1.9,1.55,3.9,715.5,1450,3081,4.1,4,601,2013,177.8,4.81,195,0.83,154,0.938,79.904,2.83,2.8,2.74,7.59,1139.9,2103,3473,266,331.9,30.5,10.57,111.9,0.37,114,0.4
102,[C7H7N2]2PbCl4,3.08,1,1,4.25835914,119.14414,143.8359,3.250328624,6.144288514,1.3755,150.39648,8.277519675,9.005378019,-38.49672402,13.3011,4.5373,8.9192,-8.9192,8.7638,0.1141,4.5387,-2.191,4.8171,1.895003934,0,0,0,0,0,0,0,0,0,0,0,0,0,0,0,0,0,0,0,0,207.2,1.92,1.9,1.55,3.9,715.5,1450,3081,4.1,4,601,2013,177.8,4.81,195,0.83,154,0.938,35.453,2.98,3,2.83,8.3,1251.1,2297,3822,172,238.6,20.42,6.41,121.7,0.28,99,0.99
82,[C6H11NH3]2CdBr4,3.24,1,1,4.37573865,100.18229,149.96722,3.295871627,6.230381147,1.1093,150.75926,8.309005309,9.034548645,-38.4562805,13.6054,3.7437,8.6745,-8.6745,9.8617,0.1014,3.8151,-3.5721,5.58713,2.197926829,0,0,0,0,0,0,0,0,0,0,0,0,0,0,0,0,0,0,0,0,112.411,1.4,1.7,1.46,4.33,867.7,1631,3616,4.05,12,594,1038,100,6.4,112,0.93,141,1.81,79.904,2.83,2.8,2.74,7.59,1139.9,2103,3473,266,331.9,30.5,10.57,111.9,0.37,114,0.4
154,[COOH(CH2)3NH3]2PbBr4,3.21,1,1,4.70221367,90.10125,112.70969,2.99657574,5.664604424,1.3275,128.24024,6.276803155,7.357042294,-41.06665848,14.2153,4.0449,9.1301,-9.1301,10.1704,0.0983,4.0981,-2.7525,12.173258,4.788850511,0,0,0,0,0,0,0,0,0,0,0,0,0,0,0,0,0,0,0,0,207.2,1.92,1.9,1.55,3.9,715.5,1450,3081,4.1,4,601,2013,177.8,4.81,195,0.83,154,0.938,79.904,2.83,2.8,2.74,7.59,1139.9,2103,3473,266,331.9,30.5,10.57,111.9,0.37,114,0.4
149,[CH3CH2NH3]4Pb3Br10,2.75,3,1,5.41010136,46.0917,77.09811,2.640296812,4.991109286,0.9927,95.43125,2.963739861,5.397679968,-45.32231162,-3.792,-17.0207,-10.4068,10.4068,13.228,0.0756,4.0936,-6.0148,3.791271,1.491452006,5.41010136,46.0917,77.09811,2.640296812,4.991109286,0.9927,95.43125,2.963739861,5.397679968,-45.32231162,-3.792,-17.0207,-10.4068,10.4068,13.228,0.0756,4.0936,-6.0148,3.791271,1.491452006,207.2,1.92,1.9,1.55,3.9,715.5,1450,3081,4.1,4,601,2013,177.8,4.81,195,0.83,154,0.938,79.904,2.83,2.8,2.74,7.59,1139.9,2103,3473,266,331.9,30.5,10.57,111.9,0.37,114,0.4
150,[CH3CH2NH3]4Pb3Cl10,3.45,3,1,5.41010136,46.0917,77.09811,2.640296812,4.991109286,0.9927,95.43125,2.963739861,5.397679968,-45.32231162,-3.792,-17.0207,-10.4068,10.4068,13.228,0.0756,4.0936,-6.0148,3.791271,1.491452006,5.41010136,46.0917,77.09811,2.640296812,4.991109286,0.9927,95.43125,2.963739861,5.397679968,-45.32231162,-3.792,-17.0207,-10.4068,10.4068,13.228,0.0756,4.0936,-6.0148,3.791271,1.491452006,207.2,1.92,1.9,1.55,3.9,715.5,1450,3081,4.1,4,601,2013,177.8,4.81,195,0.83,154,0.938,35.453,2.98,3,2.83,8.3,1251.1,2297,3822,172,238.6,20.42,6.41,121.7,0.28,99,0.99
147,[CH3CH2NH3]2[CH3NH3]2Pb3Br10,2.7,3,1,5.41010136,46.0917,77.09811,2.640296812,4.991109286,0.9927,95.43125,2.963739861,5.397679968,-45.32231162,-3.792,-17.0207,-10.4068,10.4068,13.228,0.0756,4.0936,-6.0148,3.791271,1.491452006,6.11512817,32.06508,53.69619,2.340377951,4.424154917,0.9916,73.1777,0.37686461,4.395856533,-48.64517109,-4.0225,-19.0482,-11.5354,11.5354,15.0258,0.0666,4.4279,-8.0638,2.1661,0.852124312,207.2,1.92,1.9,1.55,3.9,715.5,1450,3081,4.1,4,601,2013,177.8,4.81,195,0.83,154,0.938,79.904,2.83,2.8,2.74,7.59,1139.9,2103,3473,266,331.9,30.5,10.57,111.9,0.37,114,0.4
24,(EA)2(MA)5Pb6I19,1.61,6,1,5.41010136,46.0917,77.09811,2.640296812,4.991109286,0.9927,95.43125,2.963739861,5.397679968,-45.32231162,-3.792,-17.0207,-10.4068,10.4068,13.228,0.0756,4.0936,-6.0148,3.791271,1.491452006,6.11512817,32.06508,53.69619,2.340377951,4.424154917,0.9916,73.1777,0.37686461,4.395856533,-48.64517109,-4.0225,-19.0482,-11.5354,11.5354,15.0258,0.0666,4.4279,-8.0638,2.1661,0.852124312,207.2,1.92,1.9,1.55,3.9,715.5,1450,3081,4.1,4,601,2013,177.8,4.81,195,0.83,154,0.938,126.905,2.76,2.5,2.21,6.76,1008.4,1846,3184,387,457.5,41.67,15.52,106.8,0.46,133,0.65
25,(EA)2(MA)9Pb10I31,1.59,10,1,5.41010136,46.0917,77.09811,2.640296812,4.991109286,0.9927,95.43125,2.963739861,5.397679968,-45.32231162,-3.792,-17.0207,-10.4068,10.4068,13.228,0.0756,4.0936,-6.0148,3.791271,1.491452006,6.11512817,32.06508,53.69619,2.340377951,4.424154917,0.9916,73.1777,0.37686461,4.395856533,-48.64517109,-4.0225,-19.0482,-11.5354,11.5354,15.0258,0.0666,4.4279,-8.0638,2.1661,0.852124312,207.2,1.92,1.9,1.55,3.9,715.5,1450,3081,4.1,4,601,2013,177.8,4.81,195,0.83,154,0.938,126.905,2.76,2.5,2.21,6.76,1008.4,1846,3184,387,457.5,41.67,15.52,106.8,0.46,133,0.65
148,[CH3CH2NH3]2CuCl4,2.74,1,1,5.41010136,46.0917,77.09811,2.640296812,4.991109286,0.9927,95.43125,2.963739861,5.397679968,-45.32231162,-3.792,-17.0207,-10.4068,10.4068,13.228,0.0756,4.0936,-6.0148,3.791271,1.491452006,0,0,0,0,0,0,0,0,0,0,0,0,0,0,0,0,0,0,0,0,63.546,1.08,1.9,1.75,4.48,745.4,1958,3554,4.45,11,1356,2840,306.7,13,338.3,0.96,117,0.46,35.453,2.98,3,2.83,8.3,1251.1,2297,3822,172,238.6,20.42,6.41,121.7,0.28,99,0.99
170,[NH3(CH2)2NH3]PbI4*DMSO,3.18,1,2,10.03450113,62.11429,89.75816,2.777555983,5.250578418,1.1491,109.09356,4.403394732,6.143753091,-43.47306479,22.3904,9.4226,15.9065,-15.9065,12.9678,0.0771,9.7556,-11.4042,0,0,0,0,0,0,0,0,0,0,0,0,0,0,0,0,0,0,0,0,0,0,207.2,1.92,1.9,1.55,3.9,715.5,1450,3081,4.1,4,601,2013,177.8,4.81,195,0.83,154,0.938,126.905,2.76,2.5,2.21,6.76,1008.4,1846,3184,387,457.5,41.67,15.52,106.8,0.46,133,0.65
56,(F2CHCH2NH3)2CdBr4,2.84,1,1,5.22150232,82.07263,86.89422,2.747694665,5.194129802,1.5684,103.98798,3.876567821,5.853282496,-44.14977767,13.4266,4.0295,8.7281,-8.7281,9.3971,0.1064,4.0534,-5.8228,6.895189,2.712505507,0,0,0,0,0,0,0,0,0,0,0,0,0,0,0,0,0,0,0,0,112.411,1.4,1.7,1.46,4.33,867.7,1631,3616,4.05,12,594,1038,100,6.4,112,0.93,141,1.81,79.904,2.83,2.8,2.74,7.59,1139.9,2103,3473,266,331.9,30.5,10.57,111.9,0.37,114,0.4
157,[F2CHCH2NH3]2PbBr4,3.04,1,1,5.22150232,82.07263,86.89422,2.747694665,5.194129802,1.5684,103.98798,3.876567821,5.853282496,-44.14977767,13.4266,4.0295,8.7281,-8.7281,9.3971,0.1064,4.0534,-5.8228,6.895189,2.712505507,0,0,0,0,0,0,0,0,0,0,0,0,0,0,0,0,0,0,0,0,207.2,1.92,1.9,1.55,3.9,715.5,1450,3081,4.1,4,601,2013,177.8,4.81,195,0.83,154,0.938,79.904,2.83,2.8,2.74,7.59,1139.9,2103,3473,266,331.9,30.5,10.57,111.9,0.37,114,0.4
158,[F3CCH2NH3]2PbBr4,2.98,1,1,5.11699356,100.06309,92.28513,2.803380729,5.299396463,1.8005,108.88338,4.381953449,6.131520648,-43.50060627,-4.2093,-13.8366,-9.023,9.023,9.6273,0.1039,4.2283,-6.8245,9.197714,3.61829819,0,0,0,0,0,0,0,0,0,0,0,0,0,0,0,0,0,0,0,0,207.2,1.92,1.9,1.55,3.9,715.5,1450,3081,4.1,4,601,2013,177.8,4.81,195,0.83,154,0.938,79.904,2.83,2.8,2.74,7.59,1139.9,2103,3473,266,331.9,30.5,10.57,111.9,0.37,114,0.4
155,[F(CH2)2NH3]2PbBr4,2.72,1,1,5.28917972,64.08216,82.38981,2.699371601,5.102781855,1.2916,101.21752,3.585273588,5.701489357,-44.52394717,-4.1846,-16.7007,-10.4426,10.4426,12.5161,0.0799,4.3563,-5.1671,8.3234,3.274350905,0,0,0,0,0,0,0,0,0,0,0,0,0,0,0,0,0,0,0,0,207.2,1.92,1.9,1.55,3.9,715.5,1450,3081,4.1,4,601,2013,177.8,4.81,195,0.83,154,0.938,79.904,2.83,2.8,2.74,7.59,1139.9,2103,3473,266,331.9,30.5,10.57,111.9,0.37,114,0.4
156,[F(CH2)2NH3]2PbCl4,3.27,1,1,5.28917972,64.08216,82.38981,2.699371601,5.102781855,1.2916,101.21752,3.585273588,5.701489357,-44.52394717,-4.1846,-16.7007,-10.4426,10.4426,12.5161,0.0799,4.3563,-5.1671,8.3234,3.274350905,0,0,0,0,0,0,0,0,0,0,0,0,0,0,0,0,0,0,0,0,207.2,1.92,1.9,1.55,3.9,715.5,1450,3081,4.1,4,601,2013,177.8,4.81,195,0.83,154,0.938,35.453,2.98,3,2.83,8.3,1251.1,2297,3822,172,238.6,20.42,6.41,121.7,0.28,99,0.99
27,GAMA1Pb nI3n+1,2.27,1,1,5.32558128,60.07849,78.07972,2.651454974,5.01220222,1.2777,95.78545,3.002318814,5.415763599,-45.27275668,-4.1208,-15.8765,-9.9987,9.9987,11.7557,0.0851,4.2521,-4.3137,0.001995,0.000784815,6.11512817,32.06508,53.69619,2.340377951,4.424154917,0.9916,73.1777,0.37686461,4.395856533,-48.64517109,-4.0225,-19.0482,-11.5354,11.5354,15.0258,0.0666,4.4279,-8.0638,2.1661,0.852124312,207.2,1.92,1.9,1.55,3.9,715.5,1450,3081,4.1,4,601,2013,177.8,4.81,195,0.83,154,0.938,126.905,2.76,2.5,2.21,6.76,1008.4,1846,3184,387,457.5,41.67,15.52,106.8,0.46,133,0.65
69,[C(NH2)3][CH3NH3]2Pb2I7,1.89,2,1,5.32558128,60.07849,78.07972,2.651454974,5.01220222,1.2777,95.78545,3.002318814,5.415763599,-45.27275668,-4.1208,-15.8765,-9.9987,9.9987,11.7557,0.0851,4.2521,-4.3137,0.001995,0.000784815,6.11512817,32.06508,53.69619,2.340377951,4.424154917,0.9916,73.1777,0.37686461,4.395856533,-48.64517109,-4.0225,-19.0482,-11.5354,11.5354,15.0258,0.0666,4.4279,-8.0638,2.1661,0.852124312,207.2,1.92,1.9,1.55,3.9,715.5,1450,3081,4.1,4,601,2013,177.8,4.81,195,0.83,154,0.938,126.905,2.76,2.5,2.21,6.76,1008.4,1846,3184,387,457.5,41.67,15.52,106.8,0.46,133,0.65
29,(GA)(MA)2Pb3I10,1.73,3,1,5.32558128,60.07849,78.07972,2.651454974,5.01220222,1.2777,95.78545,3.002318814,5.415763599,-45.27275668,-4.1208,-15.8765,-9.9987,9.9987,11.7557,0.0851,4.2521,-4.3137,0.001995,0.000784815,6.11512817,32.06508,53.69619,2.340377951,4.424154917,0.9916,73.1777,0.37686461,4.395856533,-48.64517109,-4.0225,-19.0482,-11.5354,11.5354,15.0258,0.0666,4.4279,-8.0638,2.1661,0.852124312,207.2,1.92,1.9,1.55,3.9,715.5,1450,3081,4.1,4,601,2013,177.8,4.81,195,0.83,154,0.938,126.905,2.76,2.5,2.21,6.76,1008.4,1846,3184,387,457.5,41.67,15.52,106.8,0.46,133,0.65
70,[C(NH2)3]2SnI4,2.06,1,2,5.32558128,60.07849,78.07972,2.651454974,5.01220222,1.2777,95.78545,3.002318814,5.415763599,-45.27275668,-4.1208,-15.8765,-9.9987,9.9987,11.7557,0.0851,4.2521,-4.3137,0.001995,0.000784815,0,0,0,0,0,0,0,0,0,0,0,0,0,0,0,0,0,0,0,0,118.71,1.88,1.8,1.72,4.3,708.6,1412,2943,4.15,4,505,2543,296.2,7.07,302.1,0.65,140,1.03,126.905,2.76,2.5,2.21,6.76,1008.4,1846,3184,387,457.5,41.67,15.52,106.8,0.46,133,0.65
61,[(CH3(CH2)5NH3)2(CH3NH3)]Pb2I7,2.1,2,1,3.87047888,102.19817,170.1449,3.437514083,6.498136263,0.9974,180.78023,10.79481676,11.69203625,-35.26323819,12.8851,3.6815,8.2833,-8.2833,9.2036,0.1087,3.7275,-2.4929,14.139948,5.562528718,6.11512817,32.06508,53.69619,2.340377951,4.424154917,0.9916,73.1777,0.37686461,4.395856533,-48.64517109,-4.0225,-19.0482,-11.5354,11.5354,15.0258,0.0666,4.4279,-8.0638,2.1661,0.852124312,207.2,1.92,1.9,1.55,3.9,715.5,1450,3081,4.1,4,601,2013,177.8,4.81,195,0.83,154,0.938,126.905,2.76,2.5,2.21,6.76,1008.4,1846,3184,387,457.5,41.67,15.52,106.8,0.46,133,0.65
62,[(CH3(CH2)5NH3)2(CH3NH3)2]Pb3I10,1.96,3,1,3.87047888,102.19817,170.1449,3.437514083,6.498136263,0.9974,180.78023,10.79481676,11.69203625,-35.26323819,12.8851,3.6815,8.2833,-8.2833,9.2036,0.1087,3.7275,-2.4929,14.139948,5.562528718,6.11512817,32.06508,53.69619,2.340377951,4.424154917,0.9916,73.1777,0.37686461,4.395856533,-48.64517109,-4.0225,-19.0482,-11.5354,11.5354,15.0258,0.0666,4.4279,-8.0638,2.1661,0.852124312,207.2,1.92,1.9,1.55,3.9,715.5,1450,3081,4.1,4,601,2013,177.8,4.81,195,0.83,154,0.938,126.905,2.76,2.5,2.21,6.76,1008.4,1846,3184,387,457.5,41.67,15.52,106.8,0.46,133,0.65
63,[(CH3(CH2)5NH3)2(CH3NH3)3]Pb4I13,1.85,4,1,3.87047888,102.19817,170.1449,3.437514083,6.498136263,0.9974,180.78023,10.79481676,11.69203625,-35.26323819,12.8851,3.6815,8.2833,-8.2833,9.2036,0.1087,3.7275,-2.4929,14.139948,5.562528718,6.11512817,32.06508,53.69619,2.340377951,4.424154917,0.9916,73.1777,0.37686461,4.395856533,-48.64517109,-4.0225,-19.0482,-11.5354,11.5354,15.0258,0.0666,4.4279,-8.0638,2.1661,0.852124312,207.2,1.92,1.9,1.55,3.9,715.5,1450,3081,4.1,4,601,2013,177.8,4.81,195,0.83,154,0.938,126.905,2.76,2.5,2.21,6.76,1008.4,1846,3184,387,457.5,41.67,15.52,106.8,0.46,133,0.65
162,[HO(CH2)2NH3]2PbBr4,2.97,1,1,5.10856108,62.09111,88.1032,2.760379129,5.218107994,1.1703,105.99343,4.085012576,5.965718123,-43.88202892,15.0224,3.9144,9.4684,-9.4684,11.1081,0.09,4.0354,-3.1735,6.625865,2.606555862,0,0,0,0,0,0,0,0,0,0,0,0,0,0,0,0,0,0,0,0,207.2,1.92,1.9,1.55,3.9,715.5,1450,3081,4.1,4,601,2013,177.8,4.81,195,0.83,154,0.938,79.904,2.83,2.8,2.74,7.59,1139.9,2103,3473,266,331.9,30.5,10.57,111.9,0.37,114,0.4
163,[HO(CH2)2NH3]2SnI4,2.07,1,1,5.10856108,62.09111,88.1032,2.760379129,5.218107994,1.1703,105.99343,4.085012576,5.965718123,-43.88202892,15.0224,3.9144,9.4684,-9.4684,11.1081,0.09,4.0354,-3.1735,6.625865,2.606555862,0,0,0,0,0,0,0,0,0,0,0,0,0,0,0,0,0,0,0,0,118.71,1.88,1.8,1.72,4.3,708.6,1412,2943,4.15,4,505,2543,296.2,7.07,302.1,0.65,140,1.03,126.905,2.76,2.5,2.21,6.76,1008.4,1846,3184,387,457.5,41.67,15.52,106.8,0.46,133,0.65
144,[CH3CH(CH3)CH2NH3]2[CH3NH3]Pb2I7,2.02,2,1,4.61775882,74.14494,122.58399,3.081646073,5.825417907,1.0044,133.28817,6.746955623,7.709529582,-40.46274433,-3.657,-14.8884,-9.2727,9.2727,11.2314,0.089,3.8278,-4.4539,6.400703,2.51797915,6.11512817,32.06508,53.69619,2.340377951,4.424154917,0.9916,73.1777,0.37686461,4.395856533,-48.64517109,-4.0225,-19.0482,-11.5354,11.5354,15.0258,0.0666,4.4279,-8.0638,2.1661,0.852124312,207.2,1.92,1.9,1.55,3.9,715.5,1450,3081,4.1,4,601,2013,177.8,4.81,195,0.83,154,0.938,126.905,2.76,2.5,2.21,6.76,1008.4,1846,3184,387,457.5,41.67,15.52,106.8,0.46,133,0.65
145,[CH3CH(CH3)CH2NH3]2PbI4,2.23,1,1,4.61775882,74.14494,122.58399,3.081646073,5.825417907,1.0044,133.28817,6.746955623,7.709529582,-40.46274433,-3.657,-14.8884,-9.2727,9.2727,11.2314,0.089,3.8278,-4.4539,6.400703,2.51797915,0,0,0,0,0,0,0,0,0,0,0,0,0,0,0,0,0,0,0,0,207.2,1.92,1.9,1.55,3.9,715.5,1450,3081,4.1,4,601,2013,177.8,4.81,195,0.83,154,0.938,126.905,2.76,2.5,2.21,6.76,1008.4,1846,3184,387,457.5,41.67,15.52,106.8,0.46,133,0.65
164,[I(CH2)6NH3]2PbI4,2.29,1,1,3.53929125,228.0947,211.58268,3.69656385,6.987833364,1.7901,215.55486,13.42820562,15.37193868,-31.88063165,-3.78,-11.2871,-7.5335,7.5335,7.5071,0.1332,3.78,0.2681,28.556699,11.23394925,0,0,0,0,0,0,0,0,0,0,0,0,0,0,0,0,0,0,0,0,207.2,1.92,1.9,1.55,3.9,715.5,1450,3081,4.1,4,601,2013,177.8,4.81,195,0.83,154,0.938,126.905,2.76,2.5,2.21,6.76,1008.4,1846,3184,387,457.5,41.67,15.52,106.8,0.46,133,0.65
64,[(CH3)2CHNH3]3Sn2I7,2.1,2,1,4.98577465,60.11832,100.16645,2.881015544,5.446154148,0.9966,114.80227,4.978059915,6.48502084,-42.73490332,16.4415,3.6414,10.0415,-10.0415,12.8001,0.0781,3.9387,-5.6261,4.011718,1.578173879,4.98577465,60.11832,100.16645,2.881015544,5.446154148,0.9966,114.80227,4.978059915,6.48502084,-42.73490332,16.4415,3.6414,10.0415,-10.0415,12.8001,0.0781,3.9387,-5.6261,4.011718,1.578173879,118.71,1.88,1.8,1.72,4.3,708.6,1412,2943,4.15,4,505,2543,296.2,7.07,302.1,0.65,140,1.03,126.905,2.76,2.5,2.21,6.76,1008.4,1846,3184,387,457.5,41.67,15.52,106.8,0.46,133,0.65
30,(iso-BA)2(MA)2Pb4I13,1.74,4,1,4.61775882,74.14494,122.58399,3.081646073,5.825417907,1.0044,133.28817,6.746955623,7.709529582,-40.46274433,-3.657,-14.8884,-9.2727,9.2727,11.2314,0.089,3.8278,-4.4539,6.400703,2.51797915,0,0,0,0,0,0,0,0,0,0,0,0,0,0,0,0,0,0,0,0,207.2,1.92,1.9,1.55,3.9,715.5,1450,3081,4.1,4,601,2013,177.8,4.81,195,0.83,154,0.938,126.905,2.76,2.5,2.21,6.76,1008.4,1846,3184,387,457.5,41.67,15.52,106.8,0.46,133,0.65
176,[C3H5N2][C(NH2)3]PbBr4,2.77,1,2,5.24984753,64.581905,81.578535,2.689932046,5.084937705,1.31305,98.146465,3.256148519,5.539504897,-44.94671063,5.4379,-5.9525,-0.2573,0.2573,11.39045,0.0879,4.16565,-3.9503,0.689099,0.271085366,0,0,0,0,0,0,0,0,0,0,0,0,0,0,0,0,0,0,0,0,207.2,1.92,1.9,1.55,3.9,715.5,1450,3081,4.1,4,601,2013,177.8,4.81,195,0.83,154,0.938,79.904,2.83,2.8,2.74,7.59,1139.9,2103,3473,266,331.9,30.5,10.57,111.9,0.37,114,0.4
31,MA3Sb2I9,2.1,2,3,6.11512817,32.06508,53.69619,2.340377951,4.424154917,0.9916,73.1777,0.37686461,4.395856533,-48.64517109,-4.0225,-19.0482,-11.5354,11.5354,15.0258,0.0666,4.4279,-8.0638,2.1661,0.852124312,6.11512817,32.06508,53.69619,2.340377951,4.424154917,0.9916,73.1777,0.37686461,4.395856533,-48.64517109,-4.0225,-19.0482,-11.5354,11.5354,15.0258,0.0666,4.4279,-8.0638,2.1661,0.852124312,121.75,2.14,1.9,1.82,4.85,833.7,1595,2441,4.4,5,904,1908,165.8,39.7,262.3,0.57,141,0.625,126.905,2.76,2.5,2.21,6.76,1008.4,1846,3184,387,457.5,41.67,15.52,106.8,0.46,133,0.65
32,MA3Sb2I6Cl3,2.18,2,3,6.11512817,32.06508,53.69619,2.340377951,4.424154917,0.9916,73.1777,0.37686461,4.395856533,-48.64517109,-4.0225,-19.0482,-11.5354,11.5354,15.0258,0.0666,4.4279,-8.0638,2.1661,0.852124312,6.11512817,32.06508,53.69619,2.340377951,4.424154917,0.9916,73.1777,0.37686461,4.395856533,-48.64517109,-4.0225,-19.0482,-11.5354,11.5354,15.0258,0.0666,4.4279,-8.0638,2.1661,0.852124312,121.75,2.14,1.9,1.82,4.85,833.7,1595,2441,4.4,5,904,1908,165.8,39.7,262.3,0.57,141,0.625,96.421,2.833333333,2.666666667,2.416666667,7.273333333,1089.3,1996.333333,3396.666667,315.3333333,384.5333333,34.58666667,12.48333333,111.7666667,0.4,121.6666667,0.763333333
151,[CH3NH3]CdCl4,5.29,1,1,6.11512817,32.06508,53.69619,2.340377951,4.424154917,0.9916,73.1777,0.37686461,4.395856533,-48.64517109,-4.0225,-19.0482,-11.5354,11.5354,15.0258,0.0666,4.4279,-8.0638,2.1661,0.852124312,0,0,0,0,0,0,0,0,0,0,0,0,0,0,0,0,0,0,0,0,112.411,1.4,1.7,1.46,4.33,867.7,1631,3616,4.05,12,594,1038,100,6.4,112,0.93,141,1.81,35.453,2.98,3,2.83,8.3,1251.1,2297,3822,172,238.6,20.42,6.41,121.7,0.28,99,0.99
33,(MA)2CuCl0.5Br3.5,1.8,1,1,6.11512817,32.06508,53.69619,2.340377951,4.424154917,0.9916,73.1777,0.37686461,4.395856533,-48.64517109,-4.0225,-19.0482,-11.5354,11.5354,15.0258,0.0666,4.4279,-8.0638,2.1661,0.852124312,0,0,0,0,0,0,0,0,0,0,0,0,0,0,0,0,0,0,0,0,63.546,1.08,1.9,1.75,4.48,745.4,1958,3554,4.45,11,1356,2840,306.7,13,338.3,0.96,117,0.46,74.347625,2.84875,2.825,2.75125,7.67875,1153.8,2127.25,3516.625,254.25,320.2375,29.24,10.05,113.125,0.35875,112.125,0.47375
34,(MA)2CuCl2Br2,2.12,1,1,6.11512817,32.06508,53.69619,2.340377951,4.424154917,0.9916,73.1777,0.37686461,4.395856533,-48.64517109,-4.0225,-19.0482,-11.5354,11.5354,15.0258,0.0666,4.4279,-8.0638,2.1661,0.852124312,0,0,0,0,0,0,0,0,0,0,0,0,0,0,0,0,0,0,0,0,63.546,1.08,1.9,1.75,4.48,745.4,1958,3554,4.45,11,1356,2840,306.7,13,338.3,0.96,117,0.46,57.6785,2.905,2.9,2.785,7.945,1195.5,2200,3647.5,219,285.25,25.46,8.49,116.8,0.325,106.5,0.695
35,(CH3NH3)2PdCl4,2.22,1,1,6.11512817,32.06508,53.69619,2.340377951,4.424154917,0.9916,73.1777,0.37686461,4.395856533,-48.64517109,-4.0225,-19.0482,-11.5354,11.5354,15.0258,0.0666,4.4279,-8.0638,2.1661,0.852124312,0,0,0,0,0,0,0,0,0,0,0,0,0,0,0,0,0,0,0,0,207.2,1.92,1.9,1.55,3.9,715.5,1450,3081,4.1,4,601,2013,177.8,4.81,195,0.83,154,0.938,35.453,2.98,3,2.83,8.3,1251.1,2297,3822,172,238.6,20.42,6.41,121.7,0.28,99,0.99
36,2(MA)3Pb4I13,1.65,4,1,6.11512817,32.06508,53.69619,2.340377951,4.424154917,0.9916,73.1777,0.37686461,4.395856533,-48.64517109,-4.0225,-19.0482,-11.5354,11.5354,15.0258,0.0666,4.4279,-8.0638,2.1661,0.852124312,0,0,0,0,0,0,0,0,0,0,0,0,0,0,0,0,0,0,0,0,207.2,1.92,1.9,1.55,3.9,715.5,1450,3081,4.1,4,601,2013,177.8,4.81,195,0.83,154,0.938,126.905,2.76,2.5,2.21,6.76,1008.4,1846,3184,387,457.5,41.67,15.52,106.8,0.46,133,0.65
171,[NH3(CH2)3NH2CH3]PbBr4,2.88,1,1,9.2302561,76.1409,113.26749,3.001510956,5.673933755,1.1163,131.27101,6.560168604,7.567042844,-40.70267357,21.4518,9.2603,15.3561,-15.3561,12.1915,0.082,9.671,-10.7852,4.18084,1.644704957,0,0,0,0,0,0,0,0,0,0,0,0,0,0,0,0,0,0,0,0,207.2,1.92,1.9,1.55,3.9,715.5,1450,3081,4.1,4,601,2013,177.8,4.81,195,0.83,154,0.938,79.904,2.83,2.8,2.74,7.59,1139.9,2103,3473,266,331.9,30.5,10.57,111.9,0.37,114,0.4
169,[NH3(CH2)2NH2CH3]PbBr4,3.12,1,2,9.2302561,76.1409,113.26749,3.001510956,5.673933755,1.1163,131.27101,6.560168604,7.567042844,-40.70267357,21.4518,9.2603,15.3561,-15.3561,12.1915,0.082,9.671,-10.7852,4.18084,1.644704957,0,0,0,0,0,0,0,0,0,0,0,0,0,0,0,0,0,0,0,0,207.2,1.92,1.9,1.55,3.9,715.5,1450,3081,4.1,4,601,2013,177.8,4.81,195,0.83,154,0.938,79.904,2.83,2.8,2.74,7.59,1139.9,2103,3473,266,331.9,30.5,10.57,111.9,0.37,114,0.4
135,[CH3(CH2)4CH(CH3)NH3]2PbI4,2.39,1,1,3.83577289,116.22479,192.34993,3.580982387,6.769342887,1.0034,197.33043,12.07703654,13.36287073,-33.61621785,13.0806,3.4573,8.2689,-8.2689,9.6232,0.1039,3.5526,-2.6744,10.038954,3.949234461,0,0,0,0,0,0,0,0,0,0,0,0,0,0,0,0,0,0,0,0,207.2,1.92,1.9,1.55,3.9,715.5,1450,3081,4.1,4,601,2013,177.8,4.81,195,0.83,154,0.938,126.905,2.76,2.5,2.21,6.76,1008.4,1846,3184,387,457.5,41.67,15.52,106.8,0.46,133,0.65
146,[CH3CH2CH(CH3)NH3]2PbI4,2.4,1,1,4.6593257,74.14494,122.59501,3.081738414,5.825592465,1.0043,133.81964,6.795933537,7.747432845,-40.39983185,15.3015,3.529,9.4152,-9.4152,11.7725,0.0849,3.765,-4.8658,4.23883,1.667517703,0,0,0,0,0,0,0,0,0,0,0,0,0,0,0,0,0,0,0,0,207.2,1.92,1.9,1.55,3.9,715.5,1450,3081,4.1,4,601,2013,177.8,4.81,195,0.83,154,0.938,126.905,2.76,2.5,2.21,6.76,1008.4,1846,3184,387,457.5,41.67,15.52,106.8,0.46,133,0.65
54,(NH4)3Sb2I9,2.27,2,3,7.46322622,18.03847,29.8851,1.925113821,3.639156561,1.0023,47.47869,-3.167281407,3.567956343,-53.19765161,-4.4795,-24.2306,-14.3551,14.3551,19.751,0.0506,5.2166,-13.3895,0,0,7.46322622,18.03847,29.8851,1.925113821,3.639156561,1.0023,47.47869,-3.167281407,3.567956343,-53.19765161,-4.4795,-24.2306,-14.3551,14.3551,19.751,0.0506,5.2166,-13.3895,0,0,121.75,2.14,1.9,1.82,4.85,833.7,1595,2441,4.4,5,904,1908,165.8,39.7,262.3,0.57,141,0.625,126.905,2.76,2.5,2.21,6.76,1008.4,1846,3184,387,457.5,41.67,15.52,106.8,0.46,133,0.65
37,(PA)2(MA)4Pb5I16,1.85,5,1,4.88854293,60.11832,100.36914,2.882957511,5.449825162,0.9946,116.96416,5.191943599,6.618802131,-42.46016822,-3.7397,-15.666,-9.7028,9.7028,11.9263,0.0838,3.9469,-4.7033,6.227586,2.449876475,6.11512817,32.06508,53.69619,2.340377951,4.424154917,0.9916,73.1777,0.37686461,4.395856533,-48.64517109,-4.0225,-19.0482,-11.5354,11.5354,15.0258,0.0666,4.4279,-8.0638,2.1661,0.852124312,207.2,1.92,1.9,1.55,3.9,715.5,1450,3081,4.1,4,601,2013,177.8,4.81,195,0.83,154,0.938,126.905,2.76,2.5,2.21,6.76,1008.4,1846,3184,387,457.5,41.67,15.52,106.8,0.46,133,0.65
66,[BrC6H4(CH2)2NH3]2PbI4,2.38,1,1,3.64881521,201.08347,203.22022,3.647207564,6.894532256,1.6431,203.07668,12.50955975,13.97719484,-33.06063874,11.3527,3.7915,7.5721,-7.5721,7.5612,0.1323,3.7915,-0.4281,21.745935,8.554655783,0,0,0,0,0,0,0,0,0,0,0,0,0,0,0,0,0,0,0,0,207.2,1.92,1.9,1.55,3.9,715.5,1450,3081,4.1,4,601,2013,177.8,4.81,195,0.83,154,0.938,126.905,2.76,2.5,2.21,6.76,1008.4,1846,3184,387,457.5,41.67,15.52,106.8,0.46,133,0.65
152,[ClC6H4(CH2)2NH3]2PbI4,2.38,1,1,3.71113956,156.63288,195.61955,3.601158688,6.807483341,1.3296,197.0451,12.05539655,13.33282597,-33.64401457,11.524,3.7889,7.6565,-7.6565,7.7351,0.1293,3.7893,-0.6155,18.471868,7.266667191,0,0,0,0,0,0,0,0,0,0,0,0,0,0,0,0,0,0,0,0,207.2,1.92,1.9,1.55,3.9,715.5,1450,3081,4.1,4,601,2013,177.8,4.81,195,0.83,154,0.938,126.905,2.76,2.5,2.21,6.76,1008.4,1846,3184,387,457.5,41.67,15.52,106.8,0.46,133,0.65
42,(PdA)2(FA)2Pb3I10,1.64,3,1,9.15693676,76.1409,112.79227,2.997307404,5.665987531,1.121,130.48495,6.486991958,7.512106021,-40.79666949,-7.1106,-20.7948,-13.9527,13.9527,13.6842,0.0731,7.1132,-9.8962,1.632,0.642014162,5.77081042,45.06385,61.83331,2.453083545,4.637208969,1.2102,81.01372,1.327623465,4.718458495,-47.42391465,-4.7143,-16.8563,-10.7853,10.7853,12.142,0.0824,4.7901,-5.0419,0.208408,0.081985838,207.2,1.92,1.9,1.55,3.9,715.5,1450,3081,4.1,4,601,2013,177.8,4.81,195,0.83,154,0.938,126.905,2.76,2.5,2.21,6.76,1008.4,1846,3184,387,457.5,41.67,15.52,106.8,0.46,133,0.65
38, (PDA) (MA)n-1PbnI3n+1,2.46,1,1,9.15693676,76.1409,112.79227,2.997307404,5.665987531,1.121,130.48495,6.486991958,7.512106021,-40.79666949,-7.1106,-20.7948,-13.9527,13.9527,13.6842,0.0731,7.1132,-9.8962,1.632,0.642014162,6.11512817,32.06508,53.69619,2.340377951,4.424154917,0.9916,73.1777,0.37686461,4.395856533,-48.64517109,-4.0225,-19.0482,-11.5354,11.5354,15.0258,0.0666,4.4279,-8.0638,2.1661,0.852124312,207.2,1.92,1.9,1.55,3.9,715.5,1450,3081,4.1,4,601,2013,177.8,4.81,195,0.83,154,0.938,126.905,2.76,2.5,2.21,6.76,1008.4,1846,3184,387,457.5,41.67,15.52,106.8,0.46,133,0.65
39, (PDA) (MA)n-1PbnI3n+1,1.77,2,1,9.15693676,76.1409,112.79227,2.997307404,5.665987531,1.121,130.48495,6.486991958,7.512106021,-40.79666949,-7.1106,-20.7948,-13.9527,13.9527,13.6842,0.0731,7.1132,-9.8962,1.632,0.642014162,6.11512817,32.06508,53.69619,2.340377951,4.424154917,0.9916,73.1777,0.37686461,4.395856533,-48.64517109,-4.0225,-19.0482,-11.5354,11.5354,15.0258,0.0666,4.4279,-8.0638,2.1661,0.852124312,207.2,1.92,1.9,1.55,3.9,715.5,1450,3081,4.1,4,601,2013,177.8,4.81,195,0.83,154,0.938,126.905,2.76,2.5,2.21,6.76,1008.4,1846,3184,387,457.5,41.67,15.52,106.8,0.46,133,0.65
40, (PDA) (MA)n-1PbnI3n+1,1.635,3,1,9.15693676,76.1409,112.79227,2.997307404,5.665987531,1.121,130.48495,6.486991958,7.512106021,-40.79666949,-7.1106,-20.7948,-13.9527,13.9527,13.6842,0.0731,7.1132,-9.8962,1.632,0.642014162,6.11512817,32.06508,53.69619,2.340377951,4.424154917,0.9916,73.1777,0.37686461,4.395856533,-48.64517109,-4.0225,-19.0482,-11.5354,11.5354,15.0258,0.0666,4.4279,-8.0638,2.1661,0.852124312,207.2,1.92,1.9,1.55,3.9,715.5,1450,3081,4.1,4,601,2013,177.8,4.81,195,0.83,154,0.938,126.905,2.76,2.5,2.21,6.76,1008.4,1846,3184,387,457.5,41.67,15.52,106.8,0.46,133,0.65
41, (PDA) (MA)n-1PbnI3n+1,1.71,4,1,9.15693676,76.1409,112.79227,2.997307404,5.665987531,1.121,130.48495,6.486991958,7.512106021,-40.79666949,-7.1106,-20.7948,-13.9527,13.9527,13.6842,0.0731,7.1132,-9.8962,1.632,0.642014162,6.11512817,32.06508,53.69619,2.340377951,4.424154917,0.9916,73.1777,0.37686461,4.395856533,-48.64517109,-4.0225,-19.0482,-11.5354,11.5354,15.0258,0.0666,4.4279,-8.0638,2.1661,0.852124312,207.2,1.92,1.9,1.55,3.9,715.5,1450,3081,4.1,4,601,2013,177.8,4.81,195,0.83,154,0.938,126.905,2.76,2.5,2.21,6.76,1008.4,1846,3184,387,457.5,41.67,15.52,106.8,0.46,133,0.65
174,[NH3CH2CH(OH)CH2NH3]CdCl4,4.4,1,1,8.98786868,92.14031,122.51198,3.081042533,5.824277001,1.2489,136.15675,7.010165829,7.915900372,-40.12464896,19.4887,7.7589,13.6238,-13.6238,11.7298,0.0853,7.9118,-8.3344,1.961425,0.771607002,0,0,0,0,0,0,0,0,0,0,0,0,0,0,0,0,0,0,0,0,112.411,1.4,1.7,1.46,4.33,867.7,1631,3616,4.05,12,594,1038,100,6.4,112,0.93,141,1.81,35.453,2.98,3,2.83,8.3,1251.1,2297,3822,172,238.6,20.42,6.41,121.7,0.28,99,0.99
136,[CH3(CH2)4NH3]2[CH(NH2)2]Pb2I7,1.9,2,1,3.89237627,122.18788,174.72344,3.468075669,6.555908637,1.1613,178.29678,10.59742509,11.45393905,-35.51678918,-3.7006,-11.9601,-7.8303,7.8303,8.2595,0.1211,3.7117,-1.0046,13.054914,5.135686074,5.77081042,45.06385,61.83331,2.453083545,4.637208969,1.2102,81.01372,1.327623465,4.718458495,-47.42391465,-4.7143,-16.8563,-10.7853,10.7853,12.142,0.0824,4.7901,-5.0419,0.208408,0.081985838,207.2,1.92,1.9,1.55,3.9,715.5,1450,3081,4.1,4,601,2013,177.8,4.81,195,0.83,154,0.938,126.905,2.76,2.5,2.21,6.76,1008.4,1846,3184,387,457.5,41.67,15.52,106.8,0.46,133,0.65
43,(PEA)2(MA)n?1PbnI3n+1,2.57,1,1,3.89237627,122.18788,174.72344,3.468075669,6.555908637,1.1613,178.29678,10.59742509,11.45393905,-35.51678918,-3.7006,-11.9601,-7.8303,7.8303,8.2595,0.1211,3.7117,-1.0046,13.054914,5.135686074,6.11512817,32.06508,53.69619,2.340377951,4.424154917,0.9916,73.1777,0.37686461,4.395856533,-48.64517109,-4.0225,-19.0482,-11.5354,11.5354,15.0258,0.0666,4.4279,-8.0638,2.1661,0.852124312,207.2,1.92,1.9,1.55,3.9,715.5,1450,3081,4.1,4,601,2013,177.8,4.81,195,0.83,154,0.938,126.905,2.76,2.5,2.21,6.76,1008.4,1846,3184,387,457.5,41.67,15.52,106.8,0.46,133,0.65
44,(PEA)2(MA)n?1PbnI3n+1,2.32,2,1,3.89237627,122.18788,174.72344,3.468075669,6.555908637,1.1613,178.29678,10.59742509,11.45393905,-35.51678918,-3.7006,-11.9601,-7.8303,7.8303,8.2595,0.1211,3.7117,-1.0046,13.054914,5.135686074,6.11512817,32.06508,53.69619,2.340377951,4.424154917,0.9916,73.1777,0.37686461,4.395856533,-48.64517109,-4.0225,-19.0482,-11.5354,11.5354,15.0258,0.0666,4.4279,-8.0638,2.1661,0.852124312,207.2,1.92,1.9,1.55,3.9,715.5,1450,3081,4.1,4,601,2013,177.8,4.81,195,0.83,154,0.938,126.905,2.76,2.5,2.21,6.76,1008.4,1846,3184,387,457.5,41.67,15.52,106.8,0.46,133,0.65
137,[CH3(CH2)4NH3]2[CH3NH3]Pb2I7,2.1,2,1,3.89237627,122.18788,174.72344,3.468075669,6.555908637,1.1613,178.29678,10.59742509,11.45393905,-35.51678918,-3.7006,-11.9601,-7.8303,7.8303,8.2595,0.1211,3.7117,-1.0046,13.054914,5.135686074,6.11512817,32.06508,53.69619,2.340377951,4.424154917,0.9916,73.1777,0.37686461,4.395856533,-48.64517109,-4.0225,-19.0482,-11.5354,11.5354,15.0258,0.0666,4.4279,-8.0638,2.1661,0.852124312,207.2,1.92,1.9,1.55,3.9,715.5,1450,3081,4.1,4,601,2013,177.8,4.81,195,0.83,154,0.938,126.905,2.76,2.5,2.21,6.76,1008.4,1846,3184,387,457.5,41.67,15.52,106.8,0.46,133,0.65
45,(PEA)2(MA)2Pb3I10.,2.1,3,1,3.89237627,122.18788,174.72344,3.468075669,6.555908637,1.1613,178.29678,10.59742509,11.45393905,-35.51678918,-3.7006,-11.9601,-7.8303,7.8303,8.2595,0.1211,3.7117,-1.0046,13.054914,5.135686074,6.11512817,32.06508,53.69619,2.340377951,4.424154917,0.9916,73.1777,0.37686461,4.395856533,-48.64517109,-4.0225,-19.0482,-11.5354,11.5354,15.0258,0.0666,4.4279,-8.0638,2.1661,0.852124312,207.2,1.92,1.9,1.55,3.9,715.5,1450,3081,4.1,4,601,2013,177.8,4.81,195,0.83,154,0.938,126.905,2.76,2.5,2.21,6.76,1008.4,1846,3184,387,457.5,41.67,15.52,106.8,0.46,133,0.65
58,[(CH3(CH2)4NH3)2(CH3NH3)2]Pb3I10,1.97,3,1,3.89237627,122.18788,174.72344,3.468075669,6.555908637,1.1613,178.29678,10.59742509,11.45393905,-35.51678918,-3.7006,-11.9601,-7.8303,7.8303,8.2595,0.1211,3.7117,-1.0046,13.054914,5.135686074,6.11512817,32.06508,53.69619,2.340377951,4.424154917,0.9916,73.1777,0.37686461,4.395856533,-48.64517109,-4.0225,-19.0482,-11.5354,11.5354,15.0258,0.0666,4.4279,-8.0638,2.1661,0.852124312,207.2,1.92,1.9,1.55,3.9,715.5,1450,3081,4.1,4,601,2013,177.8,4.81,195,0.83,154,0.938,126.905,2.76,2.5,2.21,6.76,1008.4,1846,3184,387,457.5,41.67,15.52,106.8,0.46,133,0.65
46,(PEA)2(MA)3Pb4I13 ,2.6,4,1,3.89237627,122.18788,174.72344,3.468075669,6.555908637,1.1613,178.29678,10.59742509,11.45393905,-35.51678918,-3.7006,-11.9601,-7.8303,7.8303,8.2595,0.1211,3.7117,-1.0046,13.054914,5.135686074,6.11512817,32.06508,53.69619,2.340377951,4.424154917,0.9916,73.1777,0.37686461,4.395856533,-48.64517109,-4.0225,-19.0482,-11.5354,11.5354,15.0258,0.0666,4.4279,-8.0638,2.1661,0.852124312,207.2,1.92,1.9,1.55,3.9,715.5,1450,3081,4.1,4,601,2013,177.8,4.81,195,0.83,154,0.938,126.905,2.76,2.5,2.21,6.76,1008.4,1846,3184,387,457.5,41.67,15.52,106.8,0.46,133,0.65
59,[(CH3(CH2)4NH3)2(CH3NH3)3]Pb4I13,1.85,4,1,3.89237627,122.18788,174.72344,3.468075669,6.555908637,1.1613,178.29678,10.59742509,11.45393905,-35.51678918,-3.7006,-11.9601,-7.8303,7.8303,8.2595,0.1211,3.7117,-1.0046,13.054914,5.135686074,6.11512817,32.06508,53.69619,2.340377951,4.424154917,0.9916,73.1777,0.37686461,4.395856533,-48.64517109,-4.0225,-19.0482,-11.5354,11.5354,15.0258,0.0666,4.4279,-8.0638,2.1661,0.852124312,207.2,1.92,1.9,1.55,3.9,715.5,1450,3081,4.1,4,601,2013,177.8,4.81,195,0.83,154,0.938,126.905,2.76,2.5,2.21,6.76,1008.4,1846,3184,387,457.5,41.67,15.52,106.8,0.46,133,0.65
47,(PEA)2(MA)4Pb5I16,1.65,5,1,3.89237627,122.18788,174.72344,3.468075669,6.555908637,1.1613,178.29678,10.59742509,11.45393905,-35.51678918,-3.7006,-11.9601,-7.8303,7.8303,8.2595,0.1211,3.7117,-1.0046,13.054914,5.135686074,6.11512817,32.06508,53.69619,2.340377951,4.424154917,0.9916,73.1777,0.37686461,4.395856533,-48.64517109,-4.0225,-19.0482,-11.5354,11.5354,15.0258,0.0666,4.4279,-8.0638,2.1661,0.852124312,207.2,1.92,1.9,1.55,3.9,715.5,1450,3081,4.1,4,601,2013,177.8,4.81,195,0.83,154,0.938,126.905,2.76,2.5,2.21,6.76,1008.4,1846,3184,387,457.5,41.67,15.52,106.8,0.46,133,0.65
60,[(CH3(CH2)4NH3)2(CH3NH3)4]Pb5I16,1.76,5,1,3.89237627,122.18788,174.72344,3.468075669,6.555908637,1.1613,178.29678,10.59742509,11.45393905,-35.51678918,-3.7006,-11.9601,-7.8303,7.8303,8.2595,0.1211,3.7117,-1.0046,13.054914,5.135686074,6.11512817,32.06508,53.69619,2.340377951,4.424154917,0.9916,73.1777,0.37686461,4.395856533,-48.64517109,-4.0225,-19.0482,-11.5354,11.5354,15.0258,0.0666,4.4279,-8.0638,2.1661,0.852124312,207.2,1.92,1.9,1.55,3.9,715.5,1450,3081,4.1,4,601,2013,177.8,4.81,195,0.83,154,0.938,126.905,2.76,2.5,2.21,6.76,1008.4,1846,3184,387,457.5,41.67,15.52,106.8,0.46,133,0.65
84,[C6H5(CH2)2NH3]2GeI4,2.12,1,1,3.89237627,122.18788,174.72344,3.468075669,6.555908637,1.1613,178.29678,10.59742509,11.45393905,-35.51678918,-3.7006,-11.9601,-7.8303,7.8303,8.2595,0.1211,3.7117,-1.0046,13.054914,5.135686074,0,0,0,0,0,0,0,0,0,0,0,0,0,0,0,0,0,0,0,0,72.61,1.99,1.8,2.02,4.6,762.1,1537,3302,4.55,4,1211,3103,327.6,36.8,376.6,0.53,122,1,126.905,2.76,2.5,2.21,6.76,1008.4,1846,3184,387,457.5,41.67,15.52,106.8,0.46,133,0.65
48,(PEA)2PbBr4,3,1,1,3.89237627,122.18788,174.72344,3.468075669,6.555908637,1.1613,178.29678,10.59742509,11.45393905,-35.51678918,-3.7006,-11.9601,-7.8303,7.8303,8.2595,0.1211,3.7117,-1.0046,13.054914,5.135686074,0,0,0,0,0,0,0,0,0,0,0,0,0,0,0,0,0,0,0,0,207.2,1.92,1.9,1.55,3.9,715.5,1450,3081,4.1,4,601,2013,177.8,4.81,195,0.83,154,0.938,79.904,2.83,2.8,2.74,7.59,1139.9,2103,3473,266,331.9,30.5,10.57,111.9,0.37,114,0.4
49,(PEA)2PbCl4,3.8,1,1,3.89237627,122.18788,174.72344,3.468075669,6.555908637,1.1613,178.29678,10.59742509,11.45393905,-35.51678918,-3.7006,-11.9601,-7.8303,7.8303,8.2595,0.1211,3.7117,-1.0046,13.054914,5.135686074,0,0,0,0,0,0,0,0,0,0,0,0,0,0,0,0,0,0,0,0,207.2,1.92,1.9,1.55,3.9,715.5,1450,3081,4.1,4,601,2013,177.8,4.81,195,0.83,154,0.938,35.453,2.98,3,2.83,8.3,1251.1,2297,3822,172,238.6,20.42,6.41,121.7,0.28,99,0.99
87,[C6H5(CH2)2NH3]2PbI4,2.4,1,1,3.89237627,122.18788,174.72344,3.468075669,6.555908637,1.1613,178.29678,10.59742509,11.45393905,-35.51678918,-3.7006,-11.9601,-7.8303,7.8303,8.2595,0.1211,3.7117,-1.0046,13.054914,5.135686074,0,0,0,0,0,0,0,0,0,0,0,0,0,0,0,0,0,0,0,0,207.2,1.92,1.9,1.55,3.9,715.5,1450,3081,4.1,4,601,2013,177.8,4.81,195,0.83,154,0.938,126.905,2.76,2.5,2.21,6.76,1008.4,1846,3184,387,457.5,41.67,15.52,106.8,0.46,133,0.65
83,[C6H5(CH2)2NH3]2[CH3NH3]2Pb3I10,2.06,3,1,3.89237627,122.18788,174.72344,3.468075669,6.555908637,1.1613,178.29678,10.59742509,11.45393905,-35.51678918,-3.7006,-11.9601,-7.8303,7.8303,8.2595,0.1211,3.7117,-1.0046,13.054914,5.135686074,0,0,0,0,0,0,0,0,0,0,0,0,0,0,0,0,0,0,0,0,207.2,1.92,1.9,1.55,3.9,715.5,1450,3081,4.1,4,601,2013,177.8,4.81,195,0.83,154,0.938,126.905,2.76,2.5,2.21,6.76,1008.4,1846,3184,387,457.5,41.67,15.52,106.8,0.46,133,0.65
88,[C6H5(CH2)2NH3]2SnBr4,2.5,1,1,3.89237627,122.18788,174.72344,3.468075669,6.555908637,1.1613,178.29678,10.59742509,11.45393905,-35.51678918,-3.7006,-11.9601,-7.8303,7.8303,8.2595,0.1211,3.7117,-1.0046,13.054914,5.135686074,0,0,0,0,0,0,0,0,0,0,0,0,0,0,0,0,0,0,0,0,118.71,1.88,1.8,1.72,4.3,708.6,1412,2943,4.15,4,505,2543,296.2,7.07,302.1,0.65,140,1.03,79.904,2.83,2.8,2.74,7.59,1139.9,2103,3473,266,331.9,30.5,10.57,111.9,0.37,114,0.4
90,[C6H5(CH2)2NH3]2SnI4*C6F6,2,1,1,3.89237627,122.18788,174.72344,3.468075669,6.555908637,1.1613,178.29678,10.59742509,11.45393905,-35.51678918,-3.7006,-11.9601,-7.8303,7.8303,8.2595,0.1211,3.7117,-1.0046,13.054914,5.135686074,0,0,0,0,0,0,0,0,0,0,0,0,0,0,0,0,0,0,0,0,118.71,1.88,1.8,1.72,4.3,708.6,1412,2943,4.15,4,505,2543,296.2,7.07,302.1,0.65,140,1.03,126.905,2.76,2.5,2.21,6.76,1008.4,1846,3184,387,457.5,41.67,15.52,106.8,0.46,133,0.65
51,(PEA)2(FA)8Sn9I28,1.4,9,1,3.89237627,122.18788,174.72344,3.468075669,6.555908637,1.1613,178.29678,10.59742509,11.45393905,-35.51678918,-3.7006,-11.9601,-7.8303,7.8303,8.2595,0.1211,3.7117,-1.0046,13.054914,5.135686074,0,0,0,0,0,0,0,0,0,0,0,0,0,0,0,0,0,0,0,0,118.71,1.88,1.8,1.72,4.3,708.6,1412,2943,4.15,4,505,2543,296.2,7.07,302.1,0.65,140,1.03,126.905,2.76,2.5,2.21,6.76,1008.4,1846,3184,387,457.5,41.67,15.52,106.8,0.46,133,0.65
93,[C6H5CH2NH3]2[CH3NH3]Pb2I7,1.98,2,1,4.19004251,108.16126,151.54906,3.307419301,6.252210398,1.1851,157.29724,8.870075843,9.572304597,-37.73558145,-5.4535,-12.8572,-9.1554,9.1554,7.4037,0.1351,5.6607,-1.8492,8.683614,3.416055862,6.11512817,32.06508,53.69619,2.340377951,4.424154917,0.9916,73.1777,0.37686461,4.395856533,-48.64517109,-4.0225,-19.0482,-11.5354,11.5354,15.0258,0.0666,4.4279,-8.0638,2.1661,0.852124312,207.2,1.92,1.9,1.55,3.9,715.5,1450,3081,4.1,4,601,2013,177.8,4.81,195,0.83,154,0.938,126.905,2.76,2.5,2.21,6.76,1008.4,1846,3184,387,457.5,41.67,15.52,106.8,0.46,133,0.65
92,[C6H5CH2NH3]2[CH3NH3]2Pb3I10,1.79,3,1,4.19004251,108.16126,151.54906,3.307419301,6.252210398,1.1851,157.29724,8.870075843,9.572304597,-37.73558145,-5.4535,-12.8572,-9.1554,9.1554,7.4037,0.1351,5.6607,-1.8492,8.683614,3.416055862,6.11512817,32.06508,53.69619,2.340377951,4.424154917,0.9916,73.1777,0.37686461,4.395856533,-48.64517109,-4.0225,-19.0482,-11.5354,11.5354,15.0258,0.0666,4.4279,-8.0638,2.1661,0.852124312,207.2,1.92,1.9,1.55,3.9,715.5,1450,3081,4.1,4,601,2013,177.8,4.81,195,0.83,154,0.938,126.905,2.76,2.5,2.21,6.76,1008.4,1846,3184,387,457.5,41.67,15.52,106.8,0.46,133,0.65
52,(PMA)2CuBr4,1.81,1,1,4.19004251,108.16126,151.54906,3.307419301,6.252210398,1.1851,157.29724,8.870075843,9.572304597,-37.73558145,-5.4535,-12.8572,-9.1554,9.1554,7.4037,0.1351,5.6607,-1.8492,8.683614,3.416055862,0,0,0,0,0,0,0,0,0,0,0,0,0,0,0,0,0,0,0,0,63.546,1.08,1.9,1.75,4.48,745.4,1958,3554,4.45,11,1356,2840,306.7,13,338.3,0.96,117,0.46,79.904,2.83,2.8,2.74,7.59,1139.9,2103,3473,266,331.9,30.5,10.57,111.9,0.37,114,0.4
98,[C6H5CH2NH3]PbCl4,3.65,1,1,4.19004251,108.16126,151.54906,3.307419301,6.252210398,1.1851,157.29724,8.870075843,9.572304597,-37.73558145,-5.4535,-12.8572,-9.1554,9.1554,7.4037,0.1351,5.6607,-1.8492,8.683614,3.416055862,0,0,0,0,0,0,0,0,0,0,0,0,0,0,0,0,0,0,0,0,207.2,1.92,1.9,1.55,3.9,715.5,1450,3081,4.1,4,601,2013,177.8,4.81,195,0.83,154,0.938,35.453,2.98,3,2.83,8.3,1251.1,2297,3822,172,238.6,20.42,6.41,121.7,0.28,99,0.99
94,[C6H5CH2NH3]2PbI4,2.18,1,1,4.19004251,108.16126,151.54906,3.307419301,6.252210398,1.1851,157.29724,8.870075843,9.572304597,-37.73558145,-5.4535,-12.8572,-9.1554,9.1554,7.4037,0.1351,5.6607,-1.8492,8.683614,3.416055862,0,0,0,0,0,0,0,0,0,0,0,0,0,0,0,0,0,0,0,0,207.2,1.92,1.9,1.55,3.9,715.5,1450,3081,4.1,4,601,2013,177.8,4.81,195,0.83,154,0.938,126.905,2.76,2.5,2.21,6.76,1008.4,1846,3184,387,457.5,41.67,15.52,106.8,0.46,133,0.65
95,[C6H5CH2NH3]2SnBr4,2.41,1,1,4.19004251,108.16126,151.54906,3.307419301,6.252210398,1.1851,157.29724,8.870075843,9.572304597,-37.73558145,-5.4535,-12.8572,-9.1554,9.1554,7.4037,0.1351,5.6607,-1.8492,8.683614,3.416055862,0,0,0,0,0,0,0,0,0,0,0,0,0,0,0,0,0,0,0,0,118.71,1.88,1.8,1.72,4.3,708.6,1412,2943,4.15,4,505,2543,296.2,7.07,302.1,0.65,140,1.03,79.904,2.83,2.8,2.74,7.59,1139.9,2103,3473,266,331.9,30.5,10.57,111.9,0.37,114,0.4
96,[C6H5CH2NH3]2SnCl4,3.04,1,1,4.19004251,108.16126,151.54906,3.307419301,6.252210398,1.1851,157.29724,8.870075843,9.572304597,-37.73558145,-5.4535,-12.8572,-9.1554,9.1554,7.4037,0.1351,5.6607,-1.8492,8.683614,3.416055862,0,0,0,0,0,0,0,0,0,0,0,0,0,0,0,0,0,0,0,0,118.71,1.88,1.8,1.72,4.3,708.6,1412,2943,4.15,4,505,2543,296.2,7.07,302.1,0.65,140,1.03,35.453,2.98,3,2.83,8.3,1251.1,2297,3822,172,238.6,20.42,6.41,121.7,0.28,99,0.99
97,[C6H5CH2NH3]2SnI4,1.85,1,1,4.19004251,108.16126,151.54906,3.307419301,6.252210398,1.1851,157.29724,8.870075843,9.572304597,-37.73558145,-5.4535,-12.8572,-9.1554,9.1554,7.4037,0.1351,5.6607,-1.8492,8.683614,3.416055862,0,0,0,0,0,0,0,0,0,0,0,0,0,0,0,0,0,0,0,0,118.71,1.88,1.8,1.72,4.3,708.6,1412,2943,4.15,4,505,2543,296.2,7.07,302.1,0.65,140,1.03,126.905,2.76,2.5,2.21,6.76,1008.4,1846,3184,387,457.5,41.67,15.52,106.8,0.46,133,0.65
142,[CH3C6H4(CH2)2NH3]2PbI4,2.39,1,1,3.65644918,136.2145,197.64115,3.613521404,6.830853316,1.1444,199.01531,12.20450346,13.541172,-33.4524857,11.4064,3.6551,7.5308,-7.5308,7.7513,0.129,3.6583,-0.5602,14.548818,5.723374508,0,0,0,0,0,0,0,0,0,0,0,0,0,0,0,0,0,0,0,0,207.2,1.92,1.9,1.55,3.9,715.5,1450,3081,4.1,4,601,2013,177.8,4.81,195,0.83,154,0.938,126.905,2.76,2.5,2.21,6.76,1008.4,1846,3184,387,457.5,41.67,15.52,106.8,0.46,133,0.65
80,[C5H4NH(CH2)2NH3]PbI4,2.28,1,1,7.9919732,124.18385,163.30016,3.39078597,6.409803346,1.2628,172.21419,10.10807611,10.88469117,-36.1453614,17.7273,8.2152,12.9713,-12.9713,9.5121,0.1051,8.8442,-6.7256,9.13895,3.59518096,0,0,0,0,0,0,0,0,0,0,0,0,0,0,0,0,0,0,0,0,207.2,1.92,1.9,1.55,3.9,715.5,1450,3081,4.1,4,601,2013,177.8,4.81,195,0.83,154,0.938,126.905,2.76,2.5,2.21,6.76,1008.4,1846,3184,387,457.5,41.67,15.52,106.8,0.46,133,0.65
175,[C2H4N3][C(NH2)3]PbBr4,2.88,1,2,5.337111495,65.075915,79.534705,2.667724113,5.042956736,1.3572,96.45126,3.074520703,5.450056125,-45.18001284,6.2668,-4.8849,0.6909,-0.6909,11.1517,0.08995,5.19585,-4.83285,1.998448,0.786171518,0,0,0,0,0,0,0,0,0,0,0,0,0,0,0,0,0,0,0,0,207.2,1.92,1.9,1.55,3.9,715.5,1450,3081,4.1,4,601,2013,177.8,4.81,195,0.83,154,0.938,79.904,2.83,2.8,2.74,7.59,1139.9,2103,3473,266,331.9,30.5,10.57,111.9,0.37,114,0.4
71,[C4H3S(CH2)2NH3]2PbI4,2.26,1,1,3.9982081,128.21531,165.28342,3.404457662,6.435647754,1.2881,170.47489,9.966565051,10.72554873,-36.32713334,11.7016,3.6294,7.6655,-7.6655,8.0722,0.1239,3.6397,-0.6347,12.88276,5.067962234,0,0,0,0,0,0,0,0,0,0,0,0,0,0,0,0,0,0,0,0,207.2,1.92,1.9,1.55,3.9,715.5,1450,3081,4.1,4,601,2013,177.8,4.81,195,0.83,154,0.938,126.905,2.76,2.5,2.21,6.76,1008.4,1846,3184,387,457.5,41.67,15.52,106.8,0.46,133,0.65
72,[C4H3SCH2NH3]2[CH3NH3]Pb2I7,2.21,2,1,4.31418532,114.1887,142.24027,3.238264833,6.121483615,1.3331,149.5357,8.202660387,8.936445128,-38.59288131,-5.5163,-12.6246,-9.0704,9.0704,7.1083,0.1407,5.7871,-1.63,8.374982,3.294642801,6.11512817,32.06508,53.69619,2.340377951,4.424154917,0.9916,73.1777,0.37686461,4.395856533,-48.64517109,-4.0225,-19.0482,-11.5354,11.5354,15.0258,0.0666,4.4279,-8.0638,2.1661,0.852124312,207.2,1.92,1.9,1.55,3.9,715.5,1450,3081,4.1,4,601,2013,177.8,4.81,195,0.83,154,0.938,126.905,2.76,2.5,2.21,6.76,1008.4,1846,3184,387,457.5,41.67,15.52,106.8,0.46,133,0.65
53,(ThMA)2(MA)2Pb3I9Cl,1.59,3,1,4.31418532,114.1887,142.24027,3.238264833,6.121483615,1.3331,149.5357,8.202660387,8.936445128,-38.59288131,-5.5163,-12.6246,-9.0704,9.0704,7.1083,0.1407,5.7871,-1.63,8.374982,3.294642801,6.11512817,32.06508,53.69619,2.340377951,4.424154917,0.9916,73.1777,0.37686461,4.395856533,-48.64517109,-4.0225,-19.0482,-11.5354,11.5354,15.0258,0.0666,4.4279,-8.0638,2.1661,0.852124312,207.2,1.92,1.9,1.55,3.9,715.5,1450,3081,4.1,4,601,2013,177.8,4.81,195,0.83,154,0.938,126.905,2.76,2.5,2.21,6.76,1008.4,1846,3184,387,457.5,41.67,15.52,106.8,0.46,133,0.65
73,[C4H3SCH2NH3]2PbI4,2.41,1,1,4.31418532,114.1887,142.24027,3.238264833,6.121483615,1.3331,149.5357,8.202660387,8.936445128,-38.59288131,-5.5163,-12.6246,-9.0704,9.0704,7.1083,0.1407,5.7871,-1.63,8.374982,3.294642801,0,0,0,0,0,0,0,0,0,0,0,0,0,0,0,0,0,0,0,0,207.2,1.92,1.9,1.55,3.9,715.5,1450,3081,4.1,4,601,2013,177.8,4.81,195,0.83,154,0.938,126.905,2.76,2.5,2.21,6.76,1008.4,1846,3184,387,457.5,41.67,15.52,106.8,0.46,133,0.65
