,n,ori,A'_MPI,A'_AW,A'_V,A'_¦Ñ,A'_VIP,A'_Ha,A'_EI,A'_NI,A'_DMD,A_MPI,A_EN,A_VIP,A_DMD,B_W,B_E(m&b,B_E(p),B_E(a&R) ,B_E,B_EI1,B_EI2,B_EI3,B_CPM,B_VEN,B_Tm,B_Tb,B_EV,B_EM,B_R,B_IR,X_W,X_IR
0,1,1,3.89514948,201.08347,198.41065,1.6829,11.9334,8.4962,3.4759,-1.5023,8.265385,0,0,0,0,118.71,1.88,1.8,1.72,4.3,708.6,1412,2943,4.15,4,505,2543,296.2,7.07,0.65,1.03,126.905,0.65
1,1,1,3.78624568,116.22479,191.61435,1.0072,12.9339,9.3239,3.6693,-2.5033,12.973904,0,0,0,0,207.2,1.92,1.9,1.55,3.9,715.5,1450,3081,4.1,4,601,2013,177.8,4.81,0.83,0.938,126.905,0.65
2,2,1,4.2832604,109.14929,145.52901,1.2454,-5.7,6.9392,6.0584,-1.7667,10.110139,6.11512817,0.37686461,-4.0225,2.1661,207.2,1.92,1.9,1.55,3.9,715.5,1450,3081,4.1,4,601,2013,177.8,4.81,0.83,0.938,126.905,0.65
3,3,1,4.2832604,109.14929,145.52901,1.2454,-5.7,6.9392,6.0584,-1.7667,10.110139,6.11512817,0.37686461,-4.0225,2.1661,207.2,1.92,1.9,1.55,3.9,715.5,1450,3081,4.1,4,601,2013,177.8,4.81,0.83,0.938,126.905,0.65
4,4,1,4.2832604,109.14929,145.52901,1.2454,-5.7,6.9392,6.0584,-1.7667,10.110139,6.11512817,0.37686461,-4.0225,2.1661,207.2,1.92,1.9,1.55,3.9,715.5,1450,3081,4.1,4,601,2013,177.8,4.81,0.83,0.938,126.905,0.65
5,1,1,4.2832604,109.14929,145.52901,1.2454,-5.7,6.9392,6.0584,-1.7667,10.110139,0,0,0,0,207.2,1.92,1.9,1.55,3.9,715.5,1450,3081,4.1,4,601,2013,177.8,4.81,0.83,0.938,79.904,0.4
6,1,1,4.2832604,109.14929,145.52901,1.2454,-5.7,6.9392,6.0584,-1.7667,10.110139,0,0,0,0,207.2,1.92,1.9,1.55,3.9,715.5,1450,3081,4.1,4,601,2013,177.8,4.81,0.83,0.938,126.905,0.65
7,1,1,7.46341421,138.21046,185.4055,1.2378,16.0625,9.3263,6.9665,-5.1506,6.471802,0,0,0,0,207.2,1.92,1.9,1.55,3.9,715.5,1450,3081,4.1,4,601,2013,177.8,4.81,0.83,0.938,79.904,0.4
8,1,1,3.8545905,140.17834,178.4067,1.3047,11.8512,8.0066,3.8461,-0.886,16.391761,0,0,0,0,118.71,1.88,1.8,1.72,4.3,708.6,1412,2943,4.15,4,505,2543,296.2,7.07,0.65,1.03,126.905,0.65
9,1,1,8.37751358,104.19414,156.46913,1.1058,20.5801,11.4442,9.6451,-9.9617,7.115587,0,0,0,0,118.71,1.88,1.8,1.72,4.3,708.6,1412,2943,4.15,4,505,2543,296.2,7.07,0.65,1.03,126.905,0.65
10,1,1,3.90361793,187.05685,180.07482,1.7249,-5.6318,6.4976,6.0687,-1.1479,16.513101,0,0,0,0,207.2,1.92,1.9,1.55,3.9,715.5,1450,3081,4.1,4,601,2013,177.8,4.81,0.83,0.938,126.905,0.65
11,1,1,3.97479634,142.60626,172.52468,1.3726,-5.6297,6.7093,6.0155,-1.405,13.547333,0,0,0,0,207.2,1.92,1.9,1.55,3.9,715.5,1450,3081,4.1,4,601,2013,177.8,4.81,0.83,0.938,126.905,0.65
12,1,1,3.86714319,140.17834,179.3911,1.2976,-3.777,8.0521,3.7808,-0.885,16.599525,0,0,0,0,118.71,1.88,1.8,1.72,4.3,708.6,1412,2943,4.15,4,505,2543,296.2,7.07,0.65,1.03,126.905,0.65
13,1,1,4.15415564,126.15172,156.33344,1.34,12.7534,8.9078,3.8664,-1.7867,11.961581,0,0,0,0,207.2,1.92,1.9,1.55,3.9,715.5,1450,3081,4.1,4,601,2013,177.8,4.81,0.83,0.938,126.905,0.65
14,1,1,3.80102746,234.05779,192.01866,2.0241,-5.6199,6.054,6.1752,-0.6298,18.442738,0,0,0,0,207.2,1.92,1.9,1.55,3.9,715.5,1450,3081,4.1,4,601,2013,177.8,4.81,0.83,0.938,126.905,0.65
15,3,1,5.02224533,58.10244,92.92905,1.0382,-5.7594,8.885,5.857,-3.2754,5.184999,5.41010136,2.963739861,-3.792,3.791271,207.2,1.92,1.9,1.55,3.9,715.5,1450,3081,4.1,4,601,2013,177.8,4.81,0.83,0.938,79.904,0.4
16,1,1,4.44579628,94.13464,128.0326,1.2209,-4.2329,9.3956,4.2444,-2.5126,6.993385,0,0,0,0,207.2,1.92,1.9,1.55,3.9,715.5,1450,3081,4.1,4,601,2013,177.8,4.81,0.83,0.938,35.453,0.99
17,1,1,4.48606856,74.14494,123.65149,0.9957,-3.7122,10.9793,3.8561,-3.7469,8.68089,5.77081042,1.327623465,-4.7143,0.208408,207.2,1.92,1.9,1.55,3.9,715.5,1450,3081,4.1,4,601,2013,177.8,4.81,0.83,0.938,126.905,0.65
18,3,1,4.48606856,74.14494,123.65149,0.9957,-3.7122,10.9793,3.8561,-3.7469,8.68089,5.77081042,1.327623465,-4.7143,0.208408,207.2,1.92,1.9,1.55,3.9,715.5,1450,3081,4.1,4,601,2013,177.8,4.81,0.83,0.938,126.905,0.65
19,3,2,4.48606856,74.14494,123.65149,0.9957,-3.7122,10.9793,3.8561,-3.7469,8.68089,5.77081042,1.327623465,-4.7143,0.208408,207.2,1.92,1.9,1.55,3.9,715.5,1450,3081,4.1,4,601,2013,177.8,4.81,0.83,0.938,126.905,0.65
20,1,1,4.48606856,74.14494,123.65149,0.9957,-3.7122,10.9793,3.8561,-3.7469,8.68089,6.11512817,0.37686461,-4.0225,2.1661,72.61,1.99,1.8,2.02,4.6,762.1,1537,3302,4.55,4,1211,3103,327.6,36.8,0.53,1,126.905,0.65
21,2,1,4.48606856,74.14494,123.65149,0.9957,-3.7122,10.9793,3.8561,-3.7469,8.68089,6.11512817,0.37686461,-4.0225,2.1661,72.61,1.99,1.8,2.02,4.6,762.1,1537,3302,4.55,4,1211,3103,327.6,36.8,0.53,1,126.905,0.65
22,3,1,4.48606856,74.14494,123.65149,0.9957,-3.7122,10.9793,3.8561,-3.7469,8.68089,6.11512817,0.37686461,-4.0225,2.1661,72.61,1.99,1.8,2.02,4.6,762.1,1537,3302,4.55,4,1211,3103,327.6,36.8,0.53,1,126.905,0.65
23,4,1,4.48606856,74.14494,123.65149,0.9957,-3.7122,10.9793,3.8561,-3.7469,8.68089,6.11512817,0.37686461,-4.0225,2.1661,72.61,1.99,1.8,2.02,4.6,762.1,1537,3302,4.55,4,1211,3103,327.6,36.8,0.53,1,126.905,0.65
24,2,1,4.48606856,74.14494,123.65149,0.9957,-3.7122,10.9793,3.8561,-3.7469,8.68089,6.11512817,0.37686461,-4.0225,2.1661,207.2,1.92,1.9,1.55,3.9,715.5,1450,3081,4.1,4,601,2013,177.8,4.81,0.83,0.938,79.904,0.4
25,1,1,4.48606856,74.14494,123.65149,0.9957,-3.7122,10.9793,3.8561,-3.7469,8.68089,6.11512817,0.37686461,-4.0225,2.1661,207.2,1.92,1.9,1.55,3.9,715.5,1450,3081,4.1,4,601,2013,177.8,4.81,0.83,0.938,126.905,0.65
26,2,1,4.48606856,74.14494,123.65149,0.9957,-3.7122,10.9793,3.8561,-3.7469,8.68089,6.11512817,0.37686461,-4.0225,2.1661,207.2,1.92,1.9,1.55,3.9,715.5,1450,3081,4.1,4,601,2013,177.8,4.81,0.83,0.938,126.905,0.65
27,3,1,4.48606856,74.14494,123.65149,0.9957,-3.7122,10.9793,3.8561,-3.7469,8.68089,6.11512817,0.37686461,-4.0225,2.1661,207.2,1.92,1.9,1.55,3.9,715.5,1450,3081,4.1,4,601,2013,177.8,4.81,0.83,0.938,126.905,0.65
28,4,1,4.48606856,74.14494,123.65149,0.9957,-3.7122,10.9793,3.8561,-3.7469,8.68089,6.11512817,0.37686461,-4.0225,2.1661,207.2,1.92,1.9,1.55,3.9,715.5,1450,3081,4.1,4,601,2013,177.8,4.81,0.83,0.938,126.905,0.65
29,5,1,4.48606856,74.14494,123.65149,0.9957,-3.7122,10.9793,3.8561,-3.7469,8.68089,6.11512817,0.37686461,-4.0225,2.1661,207.2,1.92,1.9,1.55,3.9,715.5,1450,3081,4.1,4,601,2013,177.8,4.81,0.83,0.938,126.905,0.65
30,6,1,4.48606856,74.14494,123.65149,0.9957,-3.7122,10.9793,3.8561,-3.7469,8.68089,6.11512817,0.37686461,-4.0225,2.1661,207.2,1.92,1.9,1.55,3.9,715.5,1450,3081,4.1,4,601,2013,177.8,4.81,0.83,0.938,126.905,0.65
31,1,1,4.48606856,74.14494,123.65149,0.9957,-3.7122,10.9793,3.8561,-3.7469,8.68089,6.11512817,0.37686461,-4.0225,2.1661,118.71,1.88,1.8,1.72,4.3,708.6,1412,2943,4.15,4,505,2543,296.2,7.07,0.65,1.03,126.905,0.65
32,2,1,4.48606856,74.14494,123.65149,0.9957,-3.7122,10.9793,3.8561,-3.7469,8.68089,6.11512817,0.37686461,-4.0225,2.1661,118.71,1.88,1.8,1.72,4.3,708.6,1412,2943,4.15,4,505,2543,296.2,7.07,0.65,1.03,126.905,0.65
33,3,1,4.48606856,74.14494,123.65149,0.9957,-3.7122,10.9793,3.8561,-3.7469,8.68089,6.11512817,0.37686461,-4.0225,2.1661,118.71,1.88,1.8,1.72,4.3,708.6,1412,2943,4.15,4,505,2543,296.2,7.07,0.65,1.03,126.905,0.65
34,4,1,4.48606856,74.14494,123.65149,0.9957,-3.7122,10.9793,3.8561,-3.7469,8.68089,6.11512817,0.37686461,-4.0225,2.1661,118.71,1.88,1.8,1.72,4.3,708.6,1412,2943,4.15,4,505,2543,296.2,7.07,0.65,1.03,126.905,0.65
35,4,1,4.48606856,74.14494,123.65149,0.9957,-3.7122,10.9793,3.8561,-3.7469,8.68089,6.11512817,0.37686461,-4.0225,2.1661,118.71,1.88,1.8,1.72,4.3,708.6,1412,2943,4.15,4,505,2543,296.2,7.07,0.65,1.03,126.905,0.65
36,1,1,4.48606856,74.14494,123.65149,0.9957,-3.7122,10.9793,3.8561,-3.7469,8.68089,0,0,0,0,63.546,1.08,1.9,1.75,4.48,745.4,1958,3554,4.45,11,1356,2840,306.7,13,0.96,0.46,79.904,0.4
37,1,1,4.48606856,74.14494,123.65149,0.9957,-3.7122,10.9793,3.8561,-3.7469,8.68089,0,0,0,0,207.2,1.92,1.9,1.55,3.9,715.5,1450,3081,4.1,4,601,2013,177.8,4.81,0.83,0.938,126.905,0.65
38,2,1,8.44212381,90.16752,135.80644,1.1025,-6.6805,12.8233,6.6833,-8.6533,0.0001,5.77081042,1.327623465,-4.7143,0.208408,207.2,1.92,1.9,1.55,3.9,715.5,1450,3081,4.1,4,601,2013,177.8,4.81,0.83,0.938,79.904,0.4
39,2,1,8.44212381,90.16752,135.80644,1.1025,-6.6805,12.8233,6.6833,-8.6533,0.0001,5.77081042,1.327623465,-4.7143,0.208408,207.2,1.92,1.9,1.55,3.9,715.5,1450,3081,4.1,4,601,2013,177.8,4.81,0.83,0.938,126.905,0.65
40,3,1,8.44212381,90.16752,135.80644,1.1025,-6.6805,12.8233,6.6833,-8.6533,0.0001,5.77081042,1.327623465,-4.7143,0.208408,118.71,1.88,1.8,1.72,4.3,708.6,1412,2943,4.15,4,505,2543,296.2,7.07,0.65,1.03,126.905,0.65
41,2,1,8.44212381,90.16752,135.80644,1.1025,-6.6805,12.8233,6.6833,-8.6533,0.0001,6.11512817,0.37686461,-4.0225,2.1661,207.2,1.92,1.9,1.55,3.9,715.5,1450,3081,4.1,4,601,2013,177.8,4.81,0.83,0.938,79.904,0.4
42,3,1,8.44212381,90.16752,135.80644,1.1025,-6.6805,12.8233,6.6833,-8.6533,0.0001,6.11512817,0.37686461,-4.0225,2.1661,207.2,1.92,1.9,1.55,3.9,715.5,1450,3081,4.1,4,601,2013,177.8,4.81,0.83,0.938,79.904,0.4
43,2,1,8.44212381,90.16752,135.80644,1.1025,-6.6805,12.8233,6.6833,-8.6533,0.0001,6.11512817,0.37686461,-4.0225,2.1661,207.2,1.92,1.9,1.55,3.9,715.5,1450,3081,4.1,4,601,2013,177.8,4.81,0.83,0.938,126.905,0.65
44,3,1,8.44212381,90.16752,135.80644,1.1025,-6.6805,12.8233,6.6833,-8.6533,0.0001,6.11512817,0.37686461,-4.0225,2.1661,207.2,1.92,1.9,1.55,3.9,715.5,1450,3081,4.1,4,601,2013,177.8,4.81,0.83,0.938,126.905,0.65
45,4,1,8.44212381,90.16752,135.80644,1.1025,-6.6805,12.8233,6.6833,-8.6533,0.0001,6.11512817,0.37686461,-4.0225,2.1661,207.2,1.92,1.9,1.55,3.9,715.5,1450,3081,4.1,4,601,2013,177.8,4.81,0.83,0.938,126.905,0.65
46,4,1,8.44212381,90.16752,135.80644,1.1025,-6.6805,12.8233,6.6833,-8.6533,0.0001,6.11512817,0.37686461,-4.0225,2.1661,207.2,1.92,1.9,1.55,3.9,715.5,1450,3081,4.1,4,601,2013,177.8,4.81,0.83,0.938,126.905,0.65
47,5,1,8.44212381,90.16752,135.80644,1.1025,-6.6805,12.8233,6.6833,-8.6533,0.0001,6.11512817,0.37686461,-4.0225,2.1661,207.2,1.92,1.9,1.55,3.9,715.5,1450,3081,4.1,4,601,2013,177.8,4.81,0.83,0.938,126.905,0.65
48,6,1,8.44212381,90.16752,135.80644,1.1025,-6.6805,12.8233,6.6833,-8.6533,0.0001,6.11512817,0.37686461,-4.0225,2.1661,207.2,1.92,1.9,1.55,3.9,715.5,1450,3081,4.1,4,601,2013,177.8,4.81,0.83,0.938,126.905,0.65
49,7,1,8.44212381,90.16752,135.80644,1.1025,-6.6805,12.8233,6.6833,-8.6533,0.0001,6.11512817,0.37686461,-4.0225,2.1661,207.2,1.92,1.9,1.55,3.9,715.5,1450,3081,4.1,4,601,2013,177.8,4.81,0.83,0.938,126.905,0.65
50,3,1,8.44212381,90.16752,135.80644,1.1025,-6.6805,12.8233,6.6833,-8.6533,0.0001,6.11512817,0.37686461,-4.0225,2.1661,118.71,1.88,1.8,1.72,4.3,708.6,1412,2943,4.15,4,505,2543,296.2,7.07,0.65,1.03,79.904,0.4
51,2,1,8.44212381,90.16752,135.80644,1.1025,-6.6805,12.8233,6.6833,-8.6533,0.0001,6.11512817,0.37686461,-4.0225,2.1661,118.71,1.88,1.8,1.72,4.3,708.6,1412,2943,4.15,4,505,2543,296.2,7.07,0.65,1.03,126.905,0.65
52,1,1,8.44212381,90.16752,135.80644,1.1025,-6.6805,12.8233,6.6833,-8.6533,0.0001,0,0,0,0,207.2,1.92,1.9,1.55,3.9,715.5,1450,3081,4.1,4,601,2013,177.8,4.81,0.83,0.938,79.904,0.4
53,1,2,8.44212381,90.16752,135.80644,1.1025,-6.6805,12.8233,6.6833,-8.6533,0.0001,0,0,0,0,207.2,1.92,1.9,1.55,3.9,715.5,1450,3081,4.1,4,601,2013,177.8,4.81,0.83,0.938,79.904,0.4
54,1,2,8.44212381,90.16752,135.80644,1.1025,-6.6805,12.8233,6.6833,-8.6533,0.0001,0,0,0,0,207.2,1.92,1.9,1.55,3.9,715.5,1450,3081,4.1,4,601,2013,177.8,4.81,0.83,0.938,35.453,0.99
55,1,1,8.44212381,90.16752,135.80644,1.1025,-6.6805,12.8233,6.6833,-8.6533,0.0001,0,0,0,0,207.2,1.92,1.9,1.55,3.9,715.5,1450,3081,4.1,4,601,2013,177.8,4.81,0.83,0.938,126.905,0.65
56,1,2,8.44212381,90.16752,135.80644,1.1025,-6.6805,12.8233,6.6833,-8.6533,0.0001,0,0,0,0,207.2,1.92,1.9,1.55,3.9,715.5,1450,3081,4.1,4,601,2013,177.8,4.81,0.83,0.938,126.905,0.65
57,1,1,8.44212381,90.16752,135.80644,1.1025,-6.6805,12.8233,6.6833,-8.6533,0.0001,0,0,0,0,118.71,1.88,1.8,1.72,4.3,708.6,1412,2943,4.15,4,505,2543,296.2,7.07,0.65,1.03,126.905,0.65
58,1,1,4.25835914,119.14414,143.8359,1.3755,13.3011,8.7638,4.5387,-2.191,4.8171,0,0,0,0,207.2,1.92,1.9,1.55,3.9,715.5,1450,3081,4.1,4,601,2013,177.8,4.81,0.83,0.938,79.904,0.4
59,1,1,4.25835914,119.14414,143.8359,1.3755,13.3011,8.7638,4.5387,-2.191,4.8171,0,0,0,0,207.2,1.92,1.9,1.55,3.9,715.5,1450,3081,4.1,4,601,2013,177.8,4.81,0.83,0.938,35.453,0.99
60,1,1,4.37573865,100.18229,149.96722,1.1093,13.6054,9.8617,3.8151,-3.5721,5.58713,0,0,0,0,112.411,1.4,1.7,1.46,4.33,867.7,1631,3616,4.05,12,594,1038,100,6.4,0.93,1.81,79.904,0.4
61,1,1,4.70221367,90.10125,112.70969,1.3275,14.2153,10.1704,4.0981,-2.7525,12.173258,0,0,0,0,207.2,1.92,1.9,1.55,3.9,715.5,1450,3081,4.1,4,601,2013,177.8,4.81,0.83,0.938,79.904,0.4
62,3,1,5.41010136,46.0917,77.09811,0.9927,-3.792,13.228,4.0936,-6.0148,3.791271,5.41010136,2.963739861,-3.792,3.791271,207.2,1.92,1.9,1.55,3.9,715.5,1450,3081,4.1,4,601,2013,177.8,4.81,0.83,0.938,79.904,0.4
63,3,1,5.41010136,46.0917,77.09811,0.9927,-3.792,13.228,4.0936,-6.0148,3.791271,5.41010136,2.963739861,-3.792,3.791271,207.2,1.92,1.9,1.55,3.9,715.5,1450,3081,4.1,4,601,2013,177.8,4.81,0.83,0.938,35.453,0.99
64,3,1,5.41010136,46.0917,77.09811,0.9927,-3.792,13.228,4.0936,-6.0148,3.791271,6.11512817,0.37686461,-4.0225,2.1661,207.2,1.92,1.9,1.55,3.9,715.5,1450,3081,4.1,4,601,2013,177.8,4.81,0.83,0.938,79.904,0.4
65,6,1,5.41010136,46.0917,77.09811,0.9927,-3.792,13.228,4.0936,-6.0148,3.791271,6.11512817,0.37686461,-4.0225,2.1661,207.2,1.92,1.9,1.55,3.9,715.5,1450,3081,4.1,4,601,2013,177.8,4.81,0.83,0.938,126.905,0.65
66,10,1,5.41010136,46.0917,77.09811,0.9927,-3.792,13.228,4.0936,-6.0148,3.791271,6.11512817,0.37686461,-4.0225,2.1661,207.2,1.92,1.9,1.55,3.9,715.5,1450,3081,4.1,4,601,2013,177.8,4.81,0.83,0.938,126.905,0.65
67,20,1,5.41010136,46.0917,77.09811,0.9927,-3.792,13.228,4.0936,-6.0148,3.791271,6.11512817,0.37686461,-4.0225,2.1661,207.2,1.92,1.9,1.55,3.9,715.5,1450,3081,4.1,4,601,2013,177.8,4.81,0.83,0.938,126.905,0.65
68,1,1,5.41010136,46.0917,77.09811,0.9927,-3.792,13.228,4.0936,-6.0148,3.791271,0,0,0,0,63.546,1.08,1.9,1.75,4.48,745.4,1958,3554,4.45,11,1356,2840,306.7,13,0.96,0.46,35.453,0.99
69,1,2,10.03450113,62.11429,89.75816,1.1491,22.3904,12.9678,9.7556,-11.4042,0,0,0,0,0,207.2,1.92,1.9,1.55,3.9,715.5,1450,3081,4.1,4,601,2013,177.8,4.81,0.83,0.938,126.905,0.65
70,1,1,5.22150232,82.07263,86.89422,1.5684,13.4266,9.3971,4.0534,-5.8228,6.895189,0,0,0,0,112.411,1.4,1.7,1.46,4.33,867.7,1631,3616,4.05,12,594,1038,100,6.4,0.93,1.81,79.904,0.4
71,1,1,5.22150232,82.07263,86.89422,1.5684,13.4266,9.3971,4.0534,-5.8228,6.895189,0,0,0,0,207.2,1.92,1.9,1.55,3.9,715.5,1450,3081,4.1,4,601,2013,177.8,4.81,0.83,0.938,79.904,0.4
72,1,1,5.11699356,100.06309,92.28513,1.8005,-4.2093,9.6273,4.2283,-6.8245,9.197714,0,0,0,0,207.2,1.92,1.9,1.55,3.9,715.5,1450,3081,4.1,4,601,2013,177.8,4.81,0.83,0.938,79.904,0.4
73,1,1,5.28917972,64.08216,82.38981,1.2916,-4.1846,12.5161,4.3563,-5.1671,8.3234,0,0,0,0,207.2,1.92,1.9,1.55,3.9,715.5,1450,3081,4.1,4,601,2013,177.8,4.81,0.83,0.938,79.904,0.4
74,1,1,5.28917972,64.08216,82.38981,1.2916,-4.1846,12.5161,4.3563,-5.1671,8.3234,0,0,0,0,207.2,1.92,1.9,1.55,3.9,715.5,1450,3081,4.1,4,601,2013,177.8,4.81,0.83,0.938,35.453,0.99
75,1,1,5.32558128,60.07849,78.07972,1.2777,-4.1208,11.7557,4.2521,-4.3137,0.001995,6.11512817,0.37686461,-4.0225,2.1661,207.2,1.92,1.9,1.55,3.9,715.5,1450,3081,4.1,4,601,2013,177.8,4.81,0.83,0.938,126.905,0.65
76,2,1,5.32558128,60.07849,78.07972,1.2777,-4.1208,11.7557,4.2521,-4.3137,0.001995,6.11512817,0.37686461,-4.0225,2.1661,207.2,1.92,1.9,1.55,3.9,715.5,1450,3081,4.1,4,601,2013,177.8,4.81,0.83,0.938,126.905,0.65
77,3,1,5.32558128,60.07849,78.07972,1.2777,-4.1208,11.7557,4.2521,-4.3137,0.001995,6.11512817,0.37686461,-4.0225,2.1661,207.2,1.92,1.9,1.55,3.9,715.5,1450,3081,4.1,4,601,2013,177.8,4.81,0.83,0.938,126.905,0.65
78,1,2,5.32558128,60.07849,78.07972,1.2777,-4.1208,11.7557,4.2521,-4.3137,0.001995,0,0,0,0,118.71,1.88,1.8,1.72,4.3,708.6,1412,2943,4.15,4,505,2543,296.2,7.07,0.65,1.03,126.905,0.65
79,2,1,3.87047888,102.19817,170.1449,0.9974,12.8851,9.2036,3.7275,-2.4929,14.139948,6.11512817,0.37686461,-4.0225,2.1661,207.2,1.92,1.9,1.55,3.9,715.5,1450,3081,4.1,4,601,2013,177.8,4.81,0.83,0.938,126.905,0.65
80,3,1,3.87047888,102.19817,170.1449,0.9974,12.8851,9.2036,3.7275,-2.4929,14.139948,6.11512817,0.37686461,-4.0225,2.1661,207.2,1.92,1.9,1.55,3.9,715.5,1450,3081,4.1,4,601,2013,177.8,4.81,0.83,0.938,126.905,0.65
81,4,1,3.87047888,102.19817,170.1449,0.9974,12.8851,9.2036,3.7275,-2.4929,14.139948,6.11512817,0.37686461,-4.0225,2.1661,207.2,1.92,1.9,1.55,3.9,715.5,1450,3081,4.1,4,601,2013,177.8,4.81,0.83,0.938,126.905,0.65
82,1,1,5.10856108,62.09111,88.1032,1.1703,15.0224,11.1081,4.0354,-3.1735,6.625865,0,0,0,0,207.2,1.92,1.9,1.55,3.9,715.5,1450,3081,4.1,4,601,2013,177.8,4.81,0.83,0.938,79.904,0.4
83,1,1,5.10856108,62.09111,88.1032,1.1703,15.0224,11.1081,4.0354,-3.1735,6.625865,0,0,0,0,118.71,1.88,1.8,1.72,4.3,708.6,1412,2943,4.15,4,505,2543,296.2,7.07,0.65,1.03,126.905,0.65
84,2,1,4.61775882,74.14494,122.58399,1.0044,-3.657,11.2314,3.8278,-4.4539,6.400703,6.11512817,0.37686461,-4.0225,2.1661,207.2,1.92,1.9,1.55,3.9,715.5,1450,3081,4.1,4,601,2013,177.8,4.81,0.83,0.938,126.905,0.65
85,1,1,4.61775882,74.14494,122.58399,1.0044,-3.657,11.2314,3.8278,-4.4539,6.400703,0,0,0,0,207.2,1.92,1.9,1.55,3.9,715.5,1450,3081,4.1,4,601,2013,177.8,4.81,0.83,0.938,126.905,0.65
86,1,1,3.53929125,228.0947,211.58268,1.7901,-3.78,7.5071,3.78,0.2681,28.556699,0,0,0,0,207.2,1.92,1.9,1.55,3.9,715.5,1450,3081,4.1,4,601,2013,177.8,4.81,0.83,0.938,126.905,0.65
87,2,1,4.98577465,60.11832,100.16645,0.9966,16.4415,12.8001,3.9387,-5.6261,4.011718,4.98577465,4.978059915,16.4415,4.011718,118.71,1.88,1.8,1.72,4.3,708.6,1412,2943,4.15,4,505,2543,296.2,7.07,0.65,1.03,126.905,0.65
88,4,1,4.61775882,74.14494,122.58399,1.0044,-3.657,11.2314,3.8278,-4.4539,6.400703,0,0,0,0,207.2,1.92,1.9,1.55,3.9,715.5,1450,3081,4.1,4,601,2013,177.8,4.81,0.83,0.938,126.905,0.65
89,1,2,5.24984753,64.581905,81.578535,1.31305,5.4379,11.39045,4.16565,-3.9503,0.689099,0,0,0,0,207.2,1.92,1.9,1.55,3.9,715.5,1450,3081,4.1,4,601,2013,177.8,4.81,0.83,0.938,79.904,0.4
90,2,3,6.11512817,32.06508,53.69619,0.9916,-4.0225,15.0258,4.4279,-8.0638,2.1661,6.11512817,0.37686461,-4.0225,2.1661,121.75,2.14,1.9,1.82,4.85,833.7,1595,2441,4.4,5,904,1908,165.8,39.7,0.57,0.625,126.905,0.65
91,2,3,6.11512817,32.06508,53.69619,0.9916,-4.0225,15.0258,4.4279,-8.0638,2.1661,6.11512817,0.37686461,-4.0225,2.1661,121.75,2.14,1.9,1.82,4.85,833.7,1595,2441,4.4,5,904,1908,165.8,39.7,0.57,0.625,96.421,0.763333333
92,1,1,6.11512817,32.06508,53.69619,0.9916,-4.0225,15.0258,4.4279,-8.0638,2.1661,0,0,0,0,112.411,1.4,1.7,1.46,4.33,867.7,1631,3616,4.05,12,594,1038,100,6.4,0.93,1.81,35.453,0.99
93,1,1,6.11512817,32.06508,53.69619,0.9916,-4.0225,15.0258,4.4279,-8.0638,2.1661,0,0,0,0,63.546,1.08,1.9,1.75,4.48,745.4,1958,3554,4.45,11,1356,2840,306.7,13,0.96,0.46,74.347625,0.47375
94,1,1,6.11512817,32.06508,53.69619,0.9916,-4.0225,15.0258,4.4279,-8.0638,2.1661,0,0,0,0,63.546,1.08,1.9,1.75,4.48,745.4,1958,3554,4.45,11,1356,2840,306.7,13,0.96,0.46,57.6785,0.695
95,1,1,6.11512817,32.06508,53.69619,0.9916,-4.0225,15.0258,4.4279,-8.0638,2.1661,0,0,0,0,207.2,1.92,1.9,1.55,3.9,715.5,1450,3081,4.1,4,601,2013,177.8,4.81,0.83,0.938,35.453,0.99
96,4,1,6.11512817,32.06508,53.69619,0.9916,-4.0225,15.0258,4.4279,-8.0638,2.1661,0,0,0,0,207.2,1.92,1.9,1.55,3.9,715.5,1450,3081,4.1,4,601,2013,177.8,4.81,0.83,0.938,126.905,0.65
97,1,1,9.2302561,76.1409,113.26749,1.1163,21.4518,12.1915,9.671,-10.7852,4.18084,0,0,0,0,207.2,1.92,1.9,1.55,3.9,715.5,1450,3081,4.1,4,601,2013,177.8,4.81,0.83,0.938,79.904,0.4
98,1,2,9.2302561,76.1409,113.26749,1.1163,21.4518,12.1915,9.671,-10.7852,4.18084,0,0,0,0,207.2,1.92,1.9,1.55,3.9,715.5,1450,3081,4.1,4,601,2013,177.8,4.81,0.83,0.938,79.904,0.4
99,1,1,3.83577289,116.22479,192.34993,1.0034,13.0806,9.6232,3.5526,-2.6744,10.038954,0,0,0,0,207.2,1.92,1.9,1.55,3.9,715.5,1450,3081,4.1,4,601,2013,177.8,4.81,0.83,0.938,126.905,0.65
100,1,1,4.6593257,74.14494,122.59501,1.0043,15.3015,11.7725,3.765,-4.8658,4.23883,0,0,0,0,207.2,1.92,1.9,1.55,3.9,715.5,1450,3081,4.1,4,601,2013,177.8,4.81,0.83,0.938,126.905,0.65
101,2,3,7.46322622,18.03847,29.8851,1.0023,-4.4795,19.751,5.2166,-13.3895,0,7.46322622,-3.167281407,-4.4795,0,121.75,2.14,1.9,1.82,4.85,833.7,1595,2441,4.4,5,904,1908,165.8,39.7,0.57,0.625,126.905,0.65
102,5,1,4.88854293,60.11832,100.36914,0.9946,-3.7397,11.9263,3.9469,-4.7033,6.227586,6.11512817,0.37686461,-4.0225,2.1661,207.2,1.92,1.9,1.55,3.9,715.5,1450,3081,4.1,4,601,2013,177.8,4.81,0.83,0.938,126.905,0.65
103,1,1,3.64881521,201.08347,203.22022,1.6431,11.3527,7.5612,3.7915,-0.4281,21.745935,0,0,0,0,207.2,1.92,1.9,1.55,3.9,715.5,1450,3081,4.1,4,601,2013,177.8,4.81,0.83,0.938,126.905,0.65
104,1,1,3.71113956,156.63288,195.61955,1.3296,11.524,7.7351,3.7893,-0.6155,18.471868,0,0,0,0,207.2,1.92,1.9,1.55,3.9,715.5,1450,3081,4.1,4,601,2013,177.8,4.81,0.83,0.938,126.905,0.65
105,3,1,9.15693676,76.1409,112.79227,1.121,-7.1106,13.6842,7.1132,-9.8962,1.632,5.77081042,1.327623465,-4.7143,0.208408,207.2,1.92,1.9,1.55,3.9,715.5,1450,3081,4.1,4,601,2013,177.8,4.81,0.83,0.938,126.905,0.65
106,1,1,9.15693676,76.1409,112.79227,1.121,-7.1106,13.6842,7.1132,-9.8962,1.632,6.11512817,0.37686461,-4.0225,2.1661,207.2,1.92,1.9,1.55,3.9,715.5,1450,3081,4.1,4,601,2013,177.8,4.81,0.83,0.938,126.905,0.65
107,2,1,9.15693676,76.1409,112.79227,1.121,-7.1106,13.6842,7.1132,-9.8962,1.632,6.11512817,0.37686461,-4.0225,2.1661,207.2,1.92,1.9,1.55,3.9,715.5,1450,3081,4.1,4,601,2013,177.8,4.81,0.83,0.938,126.905,0.65
108,3,1,9.15693676,76.1409,112.79227,1.121,-7.1106,13.6842,7.1132,-9.8962,1.632,6.11512817,0.37686461,-4.0225,2.1661,207.2,1.92,1.9,1.55,3.9,715.5,1450,3081,4.1,4,601,2013,177.8,4.81,0.83,0.938,126.905,0.65
109,4,1,9.15693676,76.1409,112.79227,1.121,-7.1106,13.6842,7.1132,-9.8962,1.632,6.11512817,0.37686461,-4.0225,2.1661,207.2,1.92,1.9,1.55,3.9,715.5,1450,3081,4.1,4,601,2013,177.8,4.81,0.83,0.938,126.905,0.65
110,1,1,8.98786868,92.14031,122.51198,1.2489,19.4887,11.7298,7.9118,-8.3344,1.961425,0,0,0,0,112.411,1.4,1.7,1.46,4.33,867.7,1631,3616,4.05,12,594,1038,100,6.4,0.93,1.81,35.453,0.99
111,2,1,3.89237627,122.18788,174.72344,1.1613,-3.7006,8.2595,3.7117,-1.0046,13.054914,5.77081042,1.327623465,-4.7143,0.208408,207.2,1.92,1.9,1.55,3.9,715.5,1450,3081,4.1,4,601,2013,177.8,4.81,0.83,0.938,126.905,0.65
112,1,1,3.89237627,122.18788,174.72344,1.1613,-3.7006,8.2595,3.7117,-1.0046,13.054914,6.11512817,0.37686461,-4.0225,2.1661,207.2,1.92,1.9,1.55,3.9,715.5,1450,3081,4.1,4,601,2013,177.8,4.81,0.83,0.938,126.905,0.65
113,2,1,3.89237627,122.18788,174.72344,1.1613,-3.7006,8.2595,3.7117,-1.0046,13.054914,6.11512817,0.37686461,-4.0225,2.1661,207.2,1.92,1.9,1.55,3.9,715.5,1450,3081,4.1,4,601,2013,177.8,4.81,0.83,0.938,126.905,0.65
114,2,1,3.89237627,122.18788,174.72344,1.1613,-3.7006,8.2595,3.7117,-1.0046,13.054914,6.11512817,0.37686461,-4.0225,2.1661,207.2,1.92,1.9,1.55,3.9,715.5,1450,3081,4.1,4,601,2013,177.8,4.81,0.83,0.938,126.905,0.65
115,3,1,3.89237627,122.18788,174.72344,1.1613,-3.7006,8.2595,3.7117,-1.0046,13.054914,6.11512817,0.37686461,-4.0225,2.1661,207.2,1.92,1.9,1.55,3.9,715.5,1450,3081,4.1,4,601,2013,177.8,4.81,0.83,0.938,126.905,0.65
116,3,1,3.89237627,122.18788,174.72344,1.1613,-3.7006,8.2595,3.7117,-1.0046,13.054914,6.11512817,0.37686461,-4.0225,2.1661,207.2,1.92,1.9,1.55,3.9,715.5,1450,3081,4.1,4,601,2013,177.8,4.81,0.83,0.938,126.905,0.65
117,4,1,3.89237627,122.18788,174.72344,1.1613,-3.7006,8.2595,3.7117,-1.0046,13.054914,6.11512817,0.37686461,-4.0225,2.1661,207.2,1.92,1.9,1.55,3.9,715.5,1450,3081,4.1,4,601,2013,177.8,4.81,0.83,0.938,126.905,0.65
118,4,1,3.89237627,122.18788,174.72344,1.1613,-3.7006,8.2595,3.7117,-1.0046,13.054914,6.11512817,0.37686461,-4.0225,2.1661,207.2,1.92,1.9,1.55,3.9,715.5,1450,3081,4.1,4,601,2013,177.8,4.81,0.83,0.938,126.905,0.65
119,5,1,3.89237627,122.18788,174.72344,1.1613,-3.7006,8.2595,3.7117,-1.0046,13.054914,6.11512817,0.37686461,-4.0225,2.1661,207.2,1.92,1.9,1.55,3.9,715.5,1450,3081,4.1,4,601,2013,177.8,4.81,0.83,0.938,126.905,0.65
120,5,1,3.89237627,122.18788,174.72344,1.1613,-3.7006,8.2595,3.7117,-1.0046,13.054914,6.11512817,0.37686461,-4.0225,2.1661,207.2,1.92,1.9,1.55,3.9,715.5,1450,3081,4.1,4,601,2013,177.8,4.81,0.83,0.938,126.905,0.65
121,1,1,3.89237627,122.18788,174.72344,1.1613,-3.7006,8.2595,3.7117,-1.0046,13.054914,0,0,0,0,72.61,1.99,1.8,2.02,4.6,762.1,1537,3302,4.55,4,1211,3103,327.6,36.8,0.53,1,126.905,0.65
122,1,1,3.89237627,122.18788,174.72344,1.1613,-3.7006,8.2595,3.7117,-1.0046,13.054914,0,0,0,0,207.2,1.92,1.9,1.55,3.9,715.5,1450,3081,4.1,4,601,2013,177.8,4.81,0.83,0.938,79.904,0.4
123,1,1,3.89237627,122.18788,174.72344,1.1613,-3.7006,8.2595,3.7117,-1.0046,13.054914,0,0,0,0,207.2,1.92,1.9,1.55,3.9,715.5,1450,3081,4.1,4,601,2013,177.8,4.81,0.83,0.938,35.453,0.99
124,1,1,3.89237627,122.18788,174.72344,1.1613,-3.7006,8.2595,3.7117,-1.0046,13.054914,0,0,0,0,207.2,1.92,1.9,1.55,3.9,715.5,1450,3081,4.1,4,601,2013,177.8,4.81,0.83,0.938,126.905,0.65
125,3,1,3.89237627,122.18788,174.72344,1.1613,-3.7006,8.2595,3.7117,-1.0046,13.054914,0,0,0,0,207.2,1.92,1.9,1.55,3.9,715.5,1450,3081,4.1,4,601,2013,177.8,4.81,0.83,0.938,126.905,0.65
126,1,1,3.89237627,122.18788,174.72344,1.1613,-3.7006,8.2595,3.7117,-1.0046,13.054914,0,0,0,0,118.71,1.88,1.8,1.72,4.3,708.6,1412,2943,4.15,4,505,2543,296.2,7.07,0.65,1.03,79.904,0.4
127,1,1,3.89237627,122.18788,174.72344,1.1613,-3.7006,8.2595,3.7117,-1.0046,13.054914,0,0,0,0,118.71,1.88,1.8,1.72,4.3,708.6,1412,2943,4.15,4,505,2543,296.2,7.07,0.65,1.03,126.905,0.65
128,9,1,3.89237627,122.18788,174.72344,1.1613,-3.7006,8.2595,3.7117,-1.0046,13.054914,0,0,0,0,118.71,1.88,1.8,1.72,4.3,708.6,1412,2943,4.15,4,505,2543,296.2,7.07,0.65,1.03,126.905,0.65
129,2,1,4.19004251,108.16126,151.54906,1.1851,-5.4535,7.4037,5.6607,-1.8492,8.683614,6.11512817,0.37686461,-4.0225,2.1661,207.2,1.92,1.9,1.55,3.9,715.5,1450,3081,4.1,4,601,2013,177.8,4.81,0.83,0.938,126.905,0.65
130,3,1,4.19004251,108.16126,151.54906,1.1851,-5.4535,7.4037,5.6607,-1.8492,8.683614,6.11512817,0.37686461,-4.0225,2.1661,207.2,1.92,1.9,1.55,3.9,715.5,1450,3081,4.1,4,601,2013,177.8,4.81,0.83,0.938,126.905,0.65
131,1,1,4.19004251,108.16126,151.54906,1.1851,-5.4535,7.4037,5.6607,-1.8492,8.683614,0,0,0,0,63.546,1.08,1.9,1.75,4.48,745.4,1958,3554,4.45,11,1356,2840,306.7,13,0.96,0.46,79.904,0.4
132,1,1,4.19004251,108.16126,151.54906,1.1851,-5.4535,7.4037,5.6607,-1.8492,8.683614,0,0,0,0,207.2,1.92,1.9,1.55,3.9,715.5,1450,3081,4.1,4,601,2013,177.8,4.81,0.83,0.938,35.453,0.99
133,1,1,4.19004251,108.16126,151.54906,1.1851,-5.4535,7.4037,5.6607,-1.8492,8.683614,0,0,0,0,207.2,1.92,1.9,1.55,3.9,715.5,1450,3081,4.1,4,601,2013,177.8,4.81,0.83,0.938,126.905,0.65
134,1,1,4.19004251,108.16126,151.54906,1.1851,-5.4535,7.4037,5.6607,-1.8492,8.683614,0,0,0,0,118.71,1.88,1.8,1.72,4.3,708.6,1412,2943,4.15,4,505,2543,296.2,7.07,0.65,1.03,79.904,0.4
135,1,1,4.19004251,108.16126,151.54906,1.1851,-5.4535,7.4037,5.6607,-1.8492,8.683614,0,0,0,0,118.71,1.88,1.8,1.72,4.3,708.6,1412,2943,4.15,4,505,2543,296.2,7.07,0.65,1.03,35.453,0.99
136,1,1,4.19004251,108.16126,151.54906,1.1851,-5.4535,7.4037,5.6607,-1.8492,8.683614,0,0,0,0,118.71,1.88,1.8,1.72,4.3,708.6,1412,2943,4.15,4,505,2543,296.2,7.07,0.65,1.03,126.905,0.65
137,1,1,3.65644918,136.2145,197.64115,1.1444,11.4064,7.7513,3.6583,-0.5602,14.548818,0,0,0,0,207.2,1.92,1.9,1.55,3.9,715.5,1450,3081,4.1,4,601,2013,177.8,4.81,0.83,0.938,126.905,0.65
138,1,1,7.9919732,124.18385,163.30016,1.2628,17.7273,9.5121,8.8442,-6.7256,9.13895,0,0,0,0,207.2,1.92,1.9,1.55,3.9,715.5,1450,3081,4.1,4,601,2013,177.8,4.81,0.83,0.938,126.905,0.65
139,1,2,5.337111495,65.075915,79.534705,1.3572,6.2668,11.1517,5.19585,-4.83285,1.998448,0,0,0,0,207.2,1.92,1.9,1.55,3.9,715.5,1450,3081,4.1,4,601,2013,177.8,4.81,0.83,0.938,79.904,0.4
140,1,1,3.9982081,128.21531,165.28342,1.2881,11.7016,8.0722,3.6397,-0.6347,12.88276,0,0,0,0,207.2,1.92,1.9,1.55,3.9,715.5,1450,3081,4.1,4,601,2013,177.8,4.81,0.83,0.938,126.905,0.65
141,2,1,4.31418532,114.1887,142.24027,1.3331,-5.5163,7.1083,5.7871,-1.63,8.374982,6.11512817,0.37686461,-4.0225,2.1661,207.2,1.92,1.9,1.55,3.9,715.5,1450,3081,4.1,4,601,2013,177.8,4.81,0.83,0.938,126.905,0.65
142,3,1,4.31418532,114.1887,142.24027,1.3331,-5.5163,7.1083,5.7871,-1.63,8.374982,6.11512817,0.37686461,-4.0225,2.1661,207.2,1.92,1.9,1.55,3.9,715.5,1450,3081,4.1,4,601,2013,177.8,4.81,0.83,0.938,126.905,0.65
143,1,1,4.31418532,114.1887,142.24027,1.3331,-5.5163,7.1083,5.7871,-1.63,8.374982,0,0,0,0,207.2,1.92,1.9,1.55,3.9,715.5,1450,3081,4.1,4,601,2013,177.8,4.81,0.83,0.938,126.905,0.65
